"bucket","code","brand","parent_code","name"
"missing_product_meta","ЦБ18698","ПЕНОПЛЭКС","","Пеноплэкс К (1200х600х20) 25 шт/уп, 18 м2, 0,36 м3"
"missing_product_meta","ЦВ000243942","BASWOOL","","Альтернативное наименование BASWOOL"
"missing_product_meta","ЦВ000018098","BASWOOL","","Плиты теплоизоляционные BASWOOL 1200*600*100 (3 шт, 2,16 м2, 0,216 м3)"
"missing_product_meta","ЦВ000017166","BASWOOL","","Плиты теплоизоляционные BASWOOL 1200*600*120 (2 шт; 1,44 м2; 0,1728м3) пл. 110 кг/м3"
"missing_product_meta","ЦВ000018097","BASWOOL","","Плиты теплоизоляционные BASWOOL 1200*600*150 (2 шт; 1,44 м2; 0,216 м3)"
"missing_product_meta","ЦВ000018101","BASWOOL","","Плиты теплоизоляционные BASWOOL 1200*600*50"
"missing_product_meta","ЦВ000018100","BASWOOL","","Плиты теплоизоляционные BASWOOL 1200*600*50 (6шт; 4,32 м2; 0,216 м3)"
"missing_product_meta","ЦВ000018102","BASWOOL","","Плиты теплоизоляционные BASWOOL 1200*600*50 (6шт; 4,32 м2; 0,216 м3)"
"missing_product_meta","ЦВ000014824","BASWOOL","","Плиты теплоизоляционные BASWOOL ВЕНТ ФАСАД 90 1200*600*50  (6 шт, 4,32 м2, 0,216 м3)"
"missing_product_meta","ЦВ000207841","BASWOOL","","Плиты теплоизоляционные BASWOOL ВЕНТ ФАСАД 90 1200*600*50 (6 шт, 4,32 м2, 0,216 м3)"
"missing_product_meta","ЦВ000016883","BASWOOL","","Плиты теплоизоляционные BASWOOL РУФ В 180 1200*600*40 (5 шт, 3.6м2, 0,144 м3) 6,912 м3/под"
"missing_product_meta","ЦВ000016749","BASWOOL","","Плиты теплоизоляционные BASWOOL РУФ В 180 1200*600*40 5 плиты/пачка (6,912)  (0,144 м3 ; 3,6м2)"
"missing_product_meta","ЦВ000230781","BASWOOL","","Плиты теплоизоляционные BASWOOL РУФ В 190 1200*600*100 (2 шт.; 1.44м2, 0.1440 м3)(6,912 м3/под)"
"missing_product_meta","ЦВ000220018","BASWOOL","","Плиты теплоизоляционные BASWOOL РУФ Н 100 1200*600*100 (3 шт, 2,16 м2, 0,216 м3)"
"missing_product_meta","ЦВ000210138","BASWOOL","","Плиты теплоизоляционные BASWOOL РУФ Н 100 1200х600х80 (3 шт, 2,16 м2, 0,1728 м3.)"
"missing_product_meta","ЦВ000016750","BASWOOL","","Плиты теплоизоляционные BASWOOL РУФ Н 120 1200*600*120 (2 шт; 1,44 м2; 0,1728м3)"
"missing_product_meta","ЦВ000210136","BASWOOL","","Плиты теплоизоляционные BASWOOL РУФ Н 120 1200х600х80 (3 шт, 2,16 м2, 0,173 м3,)"
"missing_product_meta","ЦВ000219640","BASWOOL","","Плиты теплоизоляционные BASWOOL ФАСАД 120 1200*600*50 (6 шт;  0,216м3; 4,32м2)"
"missing_product_meta","ЦВ000218937","BASWOOL","","Плиты теплоизоляционные BASWOOL ФАСАД 140 1200*600*50 (6 шт;0,216 м3; 4,32м2)"
"missing_product_meta","ЦВ000205699","BASWOOL","","Плиты теплоизоляционные BASWOOL ФАСАД 150 1200*600*100 (3 шт;0,216 м3; 2,16 м2) 6,912 м3/под"
"missing_product_meta","ЦВ000012714","ИКОПАЛ","","Геотекстиль ИКОПАЛ 300 (рулон 2*50)"
"missing_product_meta","ЦВ000220076","ТЕХНОНИКОЛЬ","","Геотекстиль ТехноНИКОЛЬ 150 г/м2 2х50"
"missing_product_meta","ЦВ000248906","ТЕХНОНИКОЛЬ","","Геотекстиль ТЕХНОНИКОЛЬ ГЕО Фундамент 500, 2*50 м"
"missing_product_meta","ЦВ000221317","ТЕХНОНИКОЛЬ","","Полотно иглопробивное геотекстильное нетканое Технониколь ПЭТ 300 2х50"
"missing_product_meta","ЦВ000017058","ИКОПАЛ","","Полотно иглопробивное нетканное ИКОПАЛ 250 2х50, 100м2"
"missing_product_meta","ЦВ000244313","ТЕХНОНИКОЛЬ","","Альтернатива PLANTER"
"missing_product_meta","ЦВ000205973","ТЕХНОНИКОЛЬ","","PLANTER geo мембрана профилированная 2х15м"
"missing_product_meta","ЦВ000220326","ТЕХНОНИКОЛЬ","","PLANTER geo мембрана профилированная 2х20м"
"missing_product_meta","ЦВ000224217","ТЕХНОНИКОЛЬ","","Профилированная мембранаPLANTER GEO (с геотекстилем) 2*15 (30м2 рул)"
"missing_product_meta","ЦВ000209511","ТЕХНОНИКОЛЬ","","ТехноНиколь PLANTER standard мембрана профилированная 2*20 м"
"missing_product_meta","ЦВ000220614","ПЕНОПЛЭКС","","ПЛАСТФОЙЛ -PLASTFOIL classic (1,2*2100*25000) 52,5 м2, ПВХ-мембрана, армированная синтетической сеткой"
"missing_product_meta","ЦВ000017496","ПЕНОПЛЭКС","","ПЛАСТФОЙЛ -Plastfoil Classiс (1,5*2100*20000) 42 м2, вес 76.4 кг, ПВХ-мембрана армированная"
"missing_product_meta","ЦВ000219822","ПЕНОПЛЭКС","","ПЛАСТФОЙЛ -Plastfoil Eco (1,2 х 2100 х 25000-рулон 52,5м2)"
"missing_product_meta","ЦВ000243698","ЦЕРЕЗИТ","","Альтернативные наименования Церезит"
"missing_product_meta","ЦВ000247236","ЦЕРЕЗИТ","","792194 ЦЕРЕЗИТ CT 29/25 Штукатурка и ремонтн. шпаклевка (25 кг, мешок, 48шт/пал) Россия"
"missing_product_meta","ЦВ000248309","КНАУФ","","АКУСТИКНАУФ Звукозоляция 1230*610*50мм (уп.16шт.)"
"missing_product_meta","ЦВ000016975","ТЕХНОНИКОЛЬ","","Воронка (ТехноНИКОЛЬ с обжимным фланцем обогреваемая, 110х450"
"missing_product_meta","ЦВ000016235","ТЕХНОНИКОЛЬ","","Воронка ТехноНИКОЛЬ с обжимным фланцем обогреваемая 110 х450"
"missing_product_meta","ЦВ000219002","ТЕХНОНИКОЛЬ","","Герметик ТехноНИКОЛЬ ПУ, 600 мл"
"missing_product_meta","ЦВ000207107","ИКОПАЛ","","Икопал УЛЬТРА ЭПП"
"missing_product_meta","ЦВ000018211","ИКОПАЛ","","Мастика СБС Икопал"
"missing_product_meta","ЦВ000207829","ИКОПАЛ","","Мастика СБС Икопал гидроизоляционная (банка 20 кг)"
"missing_product_meta","ЦВ000228163","ИКОПАЛ","","Материал рулонный кровельный и гидроизоляционный Икопал Н ЭПП 4,0 10м 28 рул/пал"
"missing_product_meta","ЦВ000016595","ИКОПАЛ","","Материал рулонный кровельный и гидроизоляционный Икопал Н ЭПП 4,0 10м2 (28 рул/пал.)"
"missing_product_meta","ЦВ000016596","ИКОПАЛ","","Материал рулонный кровельный и гидроизоляционный Икопал У В ЭКП 5,0 10м (23 рул/пал.)"
"missing_product_meta","ЦВ000012512","ИКОПАЛ","","Материал рулонный кровельный и гидроизоляционный Икопал У Н ЭПП 4,0 10м2 (28 рул/пал.)"
"missing_product_meta","ЦВ000016944","ИКОПАЛ","","Материал рулонный кровельный и гидроизоляционный Икопал Ультра H ЭПП 4.0 м2 (10 м2) (28 рул/пал.)"
"missing_product_meta","ЦВ000207302","ИКОПАЛ","","Материал рулонный кровельный и гидроизоляционный Икопал Ультра В ЭКП 5,0 10м (23 рул/пал.)"
"missing_product_meta","ЦВ000017818","ЭКОРОЛЛ","","Отвод ЭКОРОЛЛ КВ-100 57(100)257 + Оболочка 90гр ZN 260.055 (в комплекте с саморезами)"
"missing_product_meta","ЦВ000018099","BASWOOL","","Пеноплекс (1 Плиты теплоизоляционные BASWOOL 1200*600*50 (6шт; 4,32 м2; 0,216 м3)185х585х50) Т-15, 8шт,уп., 5.52 м2., 0,2776 м3., 7.8 кг./уп."
"missing_product_meta","ЦВ000016107","ПЕНОПЛЭКС","","Пеноплэкс 45  (2400х600х100) 4 шт/уп, 5,76 м2, 0,576 м3;25,9 кг"
"missing_product_meta","ЦВ000012878","ПЕНОПЛЭКС","","Пеноплэкс 45 (2400х600х50) 8 шт/уп, 11,52 м2, 0,576 м3;25,9 кг"
"missing_product_meta","ЦВ000225134","ROCKWOOL","","Плита минераловатная Rockwool FT BARRIER 1000х600х150 (2шт; 1,2м2;0,18м3)"
"missing_product_meta","ЦВ000225520","ПЕНОПЛЭКС","","Плиты ""ПЕНОПЛЭКС ГЕО С"" 120х585х1185 Т-15"
"missing_product_meta","ЦВ000222083","ИКОПАЛ","","Праймер Икопал"
"missing_product_meta","ЦВ000016542","ИКОПАЛ","","Праймер СБС Икопал 21,5 л"
"missing_product_meta","ЦВ000016868","ИКОПАЛ","","Праймер СБС Икопал 21,5 л"
"missing_product_meta","ЦВ000017071","ТЕХНОНИКОЛЬ","","Рейка краевая алюминевая ТехноНИКОЛЬ 2,0 м"
"missing_product_meta","ЦВ000017470","ТЕХНОНИКОЛЬ","","Рейка прижимная алюминиевая ТехноНИКОЛЬ 2,0 м"
"missing_product_meta","ЦВ000209382","K-FLEX","","Рулон K-FLEX 06x1000-30 ST"
"missing_product_meta","ЦВ000017459","ТЕХНОНИКОЛЬ","","ТЕХНОНИКОЛЬ XPS CARBON 1180*580*50 (8шт; 5,4752м2; 0,27376м3)"
"missing_product_meta","ЦВ000218977","ТЕХНОНИКОЛЬ","","ТехноНИКОЛЬ Техноэласт ЭПП 1х10 м"
"missing_product_meta","ЦВ000207382","ТЕХНОНИКОЛЬ","","Техноэласт ЭПП (4,0мм, 10*1м)"
"missing_product_meta","ЦВ000017469","ТЕХНОНИКОЛЬ","","Техноэласт ЭПП, полиэстер, 10м2"
"missing_product_meta","ЦВ000226420","K-FLEX","","Трубка K-FLEX 19x060-1 ECO black AL CLAD"
"missing_product_meta","ЦВ000017817","ЭКОРОЛЛ","","Цилиндр ЭКОРОЛЛ КВ-100 1000*57(100)257 + Оболочка ZN 1250.260.055 (в комплекте с саморезами)"
"missing_product_meta","ЦВ000209456","ЭКОРОЛЛ","","Цилиндр ЭКОРОЛЛ КВ-80 1000*324(50)424-ФА ТУ 23.99.19-004-21610045-2018"
"missing_product_meta","ЦВ000218603","ЭКОРОЛЛ","","Цилиндр ЭКОРОЛЛ КВ-80 1000*325(50)425 ТУ 23.99.19-004-21610045-2018"
"missing_product_meta","ЦВ000248993","ЗИКА","","SIKA Top Seal-107 Канистра 5л. Компонент (А). Для гидроизоляции обмазочной цементно-полимерной (жестко-эластичная),"
"missing_product_meta","ЦВ000248992","ЗИКА","","SIKA Top Seal-107 мешок 20 кг. Компонент (B). Для гидроизоляции обмазочной цементно-полимерной (жестко-эластичная)"
"missing_product_meta","ЦВ000243149","ИКОПАЛ","","ИКОПАЛ"
"missing_product_meta","ЦВ000224448","ИКОПАЛ","","*Геотекстиль ИКОПАЛ 250 (рулон 2*50)"
"missing_product_meta","ЦБ49097","ИКОПАЛ","","Геотекстиль ИКОПАЛ 150 (рулон 2*50)"
"missing_product_meta","ЦВ000225571","ИКОПАЛ","","Геотекстиль ИКОПАЛ 300 (рулон 2*50)"
"missing_product_meta","ЦБ52849","ТЕХНОНИКОЛЬ","","ТехноНИКОЛЬ"
"missing_product_meta","ЦВ000231938","ТЕХНОНИКОЛЬ","","Геотекстиль ТЕХНОНИКОЛЬ ГЕО 300, 1,5*30 м"
"missing_product_meta","ЦВ000232145","ТЕХНОНИКОЛЬ","","Геотекстиль ТЕХНОНИКОЛЬ ГЕО 300, 2*50 м"
"missing_product_meta","ЦВ000229378","ТЕХНОНИКОЛЬ","","Геотекстиль ТЕХНОНИКОЛЬ ГЕО 350, 2*50 м"
"missing_product_meta","ЦВ000231048","ТЕХНОНИКОЛЬ","","Геотекстиль ТЕХНОНИКОЛЬ ПРОФ 150, 2*50 м (25 рул. паллета)"
"missing_product_meta","ЦВ000248249","ИЗОБОКС","","ИЗОБОКС"
"missing_product_meta","ЦВ000248262","ИЗОБОКС","","ИЗОБОКС Баланс В ТКП 4,5 10м (23 рул/под.)"
"missing_product_meta","ЦВ000248263","ИЗОБОКС","","ИЗОБОКС Баланс В ТКП 5,0 10м (20 рул/под.)"
"missing_product_meta","ЦВ000248259","ИЗОБОКС","","ИЗОБОКС Баланс В ЭКП 4,5 10м (23 рул/под.)"
"missing_product_meta","ЦВ000248260","ИЗОБОКС","","ИЗОБОКС Баланс В ЭКП 5,0 10м (20 рул/под.)"
"missing_product_meta","ЦВ000248261","ИЗОБОКС","","ИЗОБОКС Баланс Н ТПП 3,5 10м (25 рул/под.)"
"missing_product_meta","ЦВ000248258","ИЗОБОКС","","ИЗОБОКС Баланс Н ЭПП 3,5 10м (25 рул/под.)"
"missing_product_meta","ЦВ000248252","ИЗОБОКС","","ИЗОБОКС Бейз ЭМП 5.0 10м (20 рул/под.)"
"missing_product_meta","ЦВ000248257","ИЗОБОКС","","ИЗОБОКС Гарант В ТКП 4,5 10м (23 рул/под.)"
"missing_product_meta","ЦВ000248268","ИЗОБОКС","","ИЗОБОКС Гарант В ТКП 5,0 10м (23 рул/под.)"
"missing_product_meta","ЦВ000248254","ИЗОБОКС","","ИЗОБОКС Гарант В ЭКП 4,5 10м (23 рул/под.)"
"missing_product_meta","ЦВ000248255","ИЗОБОКС","","ИЗОБОКС Гарант В ЭКП 5,0 10м (23 рул/под.)"
"missing_product_meta","ЦВ000248256","ИЗОБОКС","","ИЗОБОКС Гарант Н ТПП 3,5 10м (25 рул/под.)"
"missing_product_meta","ЦВ000248269","ИЗОБОКС","","ИЗОБОКС Гарант Н ТПП 4,0 10м (25 рул/под.)"
"missing_product_meta","ЦВ000248253","ИЗОБОКС","","ИЗОБОКС Гарант Н ЭПП 4,0 10м (25 рул/под.)"
"missing_product_meta","ЦВ000248251","ИЗОБОКС","","ИЗОБОКС Люкс В ЭКП 5,0 10м (20 рул/под.)"
"missing_product_meta","ЦВ000248250","ИЗОБОКС","","ИЗОБОКС Люкс Н ЭПП 4,5 10м (23 рул/под.)"
"missing_product_meta","ЦВ000248267","ИЗОБОКС","","ИЗОБОКС Стандарт В ТКП 4,0 10м (25 рул/под.)"
"missing_product_meta","ЦВ000248266","ИЗОБОКС","","ИЗОБОКС Стандарт В ХКП 4,0 10м (25 рул/под.)"
"missing_product_meta","ЦВ000248265","ИЗОБОКС","","ИЗОБОКС Стандарт Н ТПП 3,0 15м (23 рул/под.)"
"missing_product_meta","ЦВ000248264","ИЗОБОКС","","ИЗОБОКС Стандарт Н ХПП 3,0 15м (23 рул/под.)"
"missing_product_meta","ЦБ03861","ИКОПАЛ","","ИКОПАЛ"
"missing_product_meta","ЦБ10532","ИКОПАЛ","","ИКОПАЛ Инъекционный штуцер"
"missing_product_meta","ЦБ09596","ИКОПАЛ","","Лента бандажная гидроизоляционная битумно-полимерная ""Икопал"" 0,2 *10 м"
"missing_product_meta","ЦБ54042","ИКОПАЛ","","Материал рулонный гидроизоляционный битумно-полимерный Икопал Мост СБС 8м"
"missing_product_meta","ЦБ03423","ИКОПАЛ","","Материал рулонный кровельный и гидроизоляционный ВиллаТекс В ЭКП 4,5 10м"
"missing_product_meta","ЦБ03857","ИКОПАЛ","","Материал рулонный кровельный и гидроизоляционный ВиллаТекс Изол C  B ХКП 4,0  10м"
"missing_product_meta","ЦБ03854","ИКОПАЛ","","Материал рулонный кровельный и гидроизоляционный ВиллаТекс Изол C B ТКП 4,0 10м"
"missing_product_meta","ЦБ03855","ИКОПАЛ","","Материал рулонный кровельный и гидроизоляционный ВиллаТекс Изол Н ХПП 2,5мм 15*1м"
"missing_product_meta","ЦБ05371","ИКОПАЛ","","Материал рулонный кровельный и гидроизоляционный ВиллаТекс Изол С Н ТПП 3,0; 15 м2/рул."
"missing_product_meta","ЦБ06791","ИКОПАЛ","","Материал рулонный кровельный и гидроизоляционный ВиллаТекс Н ХПП 3,0 15м"
"missing_product_meta","ЦВ000205874","ИКОПАЛ","","Материал рулонный кровельный и гидроизоляционный ВИЛЛАТЕКС Н ЭПП 3,0 15м"
"missing_product_meta","ЦБ51086","ИКОПАЛ","","Материал рулонный кровельный и гидроизоляционный ВиллаФлекс В ТКП 4,5 10м"
"missing_product_meta","ЦБ16447","ИКОПАЛ","","Материал рулонный кровельный и гидроизоляционный ВиллаФлекс В ЭКП 4,5 10м"
"missing_product_meta","ЦБ51705","ИКОПАЛ","","Материал рулонный кровельный и гидроизоляционный ВиллаФлекс Н ТПП 3,5 10м"
"missing_product_meta","ЦБ16448","ИКОПАЛ","","Материал рулонный кровельный и гидроизоляционный ВиллаФлекс Н ЭПП 3,5 10м"
"missing_product_meta","ЦБ03164","ИКОПАЛ","","Материал рулонный кровельный и гидроизоляционный Икопал В ЭКП 5,0 10м (23 рул/пал.)"
"missing_product_meta","ЦБ21353","ИКОПАЛ","","Материал рулонный кровельный и гидроизоляционный Икопал Н ЭПП 4,0 10м2 (28 рул/пал.)"
"missing_product_meta","ЦБ51481","ИКОПАЛ","","Материал рулонный кровельный и гидроизоляционный Икопал Соло Вент ЭКС 5,7  7 м"
"missing_product_meta","ЦБ15899","ИКОПАЛ","","Материал рулонный кровельный и гидроизоляционный Икопал Соло ФМ ЭКМ 6,5 7 м"
"missing_product_meta","ЦБ51480","ИКОПАЛ","","Материал рулонный кровельный и гидроизоляционный Икопал Соло ЭКП 6,5 7 м"
"missing_product_meta","ЦВ000009321","ИКОПАЛ","","Материал рулонный кровельный и гидроизоляционный Икопал Ультра H ЭПП 4.0 м2 (10 м2) (28 рул/пал.)"
"missing_product_meta","ЦВ000208709","ИКОПАЛ","","Материал рулонный кровельный и гидроизоляционный Икопал Ультра В ЭКП 5.0 м2 (10м2) (сланец белый/пленка)"
"missing_product_meta","ЦБ47685","ИКОПАЛ","","Материал рулонный кровельный и гидроизоляционный Икопал Ультрамарин В ЭКП 5,5 8м"
"missing_product_meta","ЦБ47824","ИКОПАЛ","","Материал рулонный кровельный и гидроизоляционный Икопал Ультрамарин Н  ЭМП 4,5  10м"
"missing_product_meta","ЦВ000016296","ИКОПАЛ","","Пароизоляция Икопал (1мх40м)"
"missing_product_meta","ЦВ000205805","ИКОПАЛ","","ПВХ-лента ИКОПАЛ шир. 30 мм 50мп"
"missing_product_meta","ЦВ000010020","ИКОПАЛ","","ПВХ-лента ИКОПАЛ шир. 30мм 50 мп"
"missing_product_meta","ЦВ000208961","ИКОПАЛ","","Материал рулонный гидроизоляционный битумно-полимерный Икопал Мост СБС 8м (23рул/под)"
"missing_product_meta","ЦВ000208955","ИКОПАЛ","","Материал рулонный кровельный и гидроизоляционный ВиллаТекс Изол B ХКП 4,0 10м (25рул/под)"
"missing_product_meta","ЦВ000208958","ИКОПАЛ","","Материал рулонный кровельный и гидроизоляционный ВиллаТекс Изол Н ХПП 2,5 15 м (30рул/под)"
"missing_product_meta","ЦВ000208957","ИКОПАЛ","","Материал рулонный кровельный и гидроизоляционный ВиллаТекс Изол С Н ТПП 3,0 15 м (25рул/под)"
"missing_product_meta","ЦВ000208948","ИКОПАЛ","","Материал рулонный кровельный и гидроизоляционный ВиллаФлекс В ТКП 4,5 10м (23рул/под)"
"missing_product_meta","ЦВ000208949","ИКОПАЛ","","Материал рулонный кровельный и гидроизоляционный ВиллаФлекс Н ТПП 3,5 10м (30рул/под)"
"missing_product_meta","ЦВ000208940","ИКОПАЛ","","Материал рулонный кровельный и гидроизоляционный Икопал Ультра B ЭКП 5.0 сланец белый 10 м  (23рул/под)"
"missing_product_meta","ВН02165","ТЕХНОНИКОЛЬ","","ТехноНИКОЛЬ"
"missing_product_meta","ЦВ000225338","ТЕХНОНИКОЛЬ","","ТехноНИКОЛЬ Флекс 500"
"missing_product_meta","ЦБ07566","ТЕХНОНИКОЛЬ","","Техноэласт (Прайм ЭКМ)"
"missing_product_meta","ЦБ13940","ТЕХНОНИКОЛЬ","","Техноэласт (С ЭМС), 1х15"
"missing_product_meta","ЦВ000017460","ТЕХНОНИКОЛЬ","","Техноэласт АКУСТИК СУПЕР А 350 (10м2)"
"missing_product_meta","ВН03495","ТЕХНОНИКОЛЬ","","Техноэласт Мост С полиэстер (5,8 мм, 1м*8м)"
"missing_product_meta","ЦВ000017180","ТЕХНОНИКОЛЬ","","ТехноНИКОЛЬ Унифлекс ТКП, сл, красный 10м2 (23 рул/под)"
"missing_product_meta","ВН02183","ТЕХНОНИКОЛЬ","","ТехноНИКОЛЬ Унифлекс ХКП, сланец зеленый, стеклохолст, 10м2 (23 рул/под)"
"missing_product_meta","ВН02184","ТЕХНОНИКОЛЬ","","ТехноНИКОЛЬ Унифлекс ХКП, сланец серый, стеклохолст, 10м2 (23 рул/под)"
"missing_product_meta","ВН02187","ТЕХНОНИКОЛЬ","","ТехноНИКОЛЬ Унифлекс ХПП,  стеклохолст, 10м2 (25рул/под)"
"missing_product_meta","ЦВ000245361","ТЕХНОНИКОЛЬ","","Унифлекс Премиум ЭКП"
"missing_product_meta","ЦВ000245360","ТЕХНОНИКОЛЬ","","Унифлекс Премиум ЭПП"
"missing_product_meta","ЦВ000012148","ТЕХНОНИКОЛЬ","","Гидроизоляция плоской кровли ТЕХНОНИКОЛЬ MASTER  ( 8х1м)"
"missing_product_meta","ЦВ000016726","ТЕХНОНИКОЛЬ","","Техноэласт (СОЛО РП1 ЭКП сл.сер.)"
"missing_product_meta","ЦВ000243979","ТЕХНОНИКОЛЬ","","Техноэласт ENVIRO AIR WHITE"
"missing_product_meta","ЦВ000016686","ТЕХНОНИКОЛЬ","","Техноэласт Акустик СБ350 (10м2/рул) (20рул/под)"
"missing_product_meta","ВН05895","ТЕХНОНИКОЛЬ","","Техноэласт ВЕНТ ЭКВ, сланец серый, 8м2 (20рул/под)"
"missing_product_meta","ЦВ000016339","ТЕХНОНИКОЛЬ","","Техноэласт Прайм ЭКМ сланец серый 10м2 (25рул/под)"
"missing_product_meta","ЦБ53492","ТЕХНОНИКОЛЬ","","Техноэласт С ЭКС (10м2/рул) (20рул/под)"
"missing_product_meta","ВН04244","ТЕХНОНИКОЛЬ","","Техноэласт СОЛО ЭКМ"
"missing_product_meta","ВН02177","ТЕХНОНИКОЛЬ","","Техноэласт ТЕРМО ХПП, стеклохолст, 10м2 (25рул/под)"
"missing_product_meta","ЦВ000210089","ТЕХНОНИКОЛЬ","","Техноэласт Фундамент Гидро 8м2 (20рул/под)"
"missing_product_meta","ЦВ000012013","ТЕХНОНИКОЛЬ","","Техноэласт ЭКП, сланец красный полиэстер (10м2/рул) (20рул/под)"
"missing_product_meta","ЦВ000243441","ТЕХНОНИКОЛЬ","","Отсечная гидроизоляция ТЕХНОНИКОЛЬ 600 (20 пог.м/рул) (60шт/под)"
"missing_product_meta","ВН02195","ТЕХНОНИКОЛЬ","","ТехноНИКОЛЬ Бикроэласт ТКП гранулят серый, стеклоткань, 10м2 (25рул/под)"
"missing_product_meta","ЦБ02420","ТЕХНОНИКОЛЬ","","ТехноНИКОЛЬ Биполь ТКП-4.0, гр. серый, 10м2 (25рул/под)"
"missing_product_meta","ВН02192","ТЕХНОНИКОЛЬ","","ТехноНИКОЛЬ Биполь ХКП, сланец  серый, стеклохолст, 10м2 (25рул/под)"
"missing_product_meta","ВН02193","ТЕХНОНИКОЛЬ","","ТехноНИКОЛЬ Биполь ХПП, стеклохолст, 15м2 (25рул/под)"
"missing_product_meta","ВН02191","ТЕХНОНИКОЛЬ","","ТехноНИКОЛЬ Биполь ЭКП, сланец  серый, полиэстер, 10м2 (25 рул/под)"
"missing_product_meta","ЦБ17384","ТЕХНОНИКОЛЬ","","ТехноНИКОЛЬ Бикрост ТКП, серый, 10м2 (25 рул/под)"
"missing_product_meta","ВН02204","ТЕХНОНИКОЛЬ","","ТехноНИКОЛЬ Бикрост ТПП, стеклоткань, 15м2 (25рул/под)"
"missing_product_meta","ЦБ49110","ЗИКА","","SIKA"
"missing_product_meta","ЦБ07735","ЗИКА","","Шпонка гидроизоляционная Sikawaterbar DR-32, рулон 15м"
"missing_product_meta","ЦБ16770","ИКОПАЛ","","ИКОПАЛ"
"missing_product_meta","ЦБ19311","ИКОПАЛ","","ИКОПАЛ - ИСПОЛЬЗОВАТЬ ДО ДЕКАБРЯ  2021"
"missing_product_meta","ЦБ17832","ИКОПАЛ","","Бентонитовый шнур ИКОПАЛ 15*25мм - 0,58 кг/м.п. 8 бухт (40 м.п.)"
"missing_product_meta","ЦВ000205635","ИКОПАЛ","","Бентонитовый шнур ИКОПАЛ 15*25мм - 0,58 кг/м.п.. 1 бухт = 5 м/п"
"missing_product_meta","ЦВ000205636","ИКОПАЛ","","Бентонитовый шнур ИКОПАЛ 20*25мм - 0,78 кг/м.п. 1 бухт = 5 м/п"
"missing_product_meta","ЦВ000010106","ИКОПАЛ","","Бентонитовый шнур ИКОПАЛ 20*25мм - 0,78 кг/м.п. 8 бухт (40м.п.)"
"missing_product_meta","ЦВ000009215","ИКОПАЛ","","ИКОПАЛ ДВ 320/50"
"missing_product_meta","ЦБ48075","ИКОПАЛ","","ИКОПАЛ ДН 320/35/50 - 3,75 кг/м.п. бухта 20 м.п"
"missing_product_meta","ЦБ53794","ИКОПАЛ","","ИКОПАЛ ДН-Б 320/35/50"
"missing_product_meta","ЦБ51888","ИКОПАЛ","","ИКОПАЛ ХВС 120/2 Д4 30м.п. без креплений"
"missing_product_meta","ЦВ000011481","ИКОПАЛ","","ИКОПАЛ ХВС 125/1(0,125м х 30м)"
"missing_product_meta","ЦБ51978","ИКОПАЛ","","ИКОПАЛ ХВС 125/2  d 6мм"
"missing_product_meta","ЦБ53793","ИКОПАЛ","","ИКОПАЛ ХН-Б 320/35"
"missing_product_meta","ЦВ000015892","ИКОПАЛ","","Шпонка гидроизоляционная  ИКОПАЛ ХН-Б 240/25 (024мх25м)"
"missing_product_meta","ЦБ52691","ИКОПАЛ","","Шпонка гидроизоляционная ИКОПАЛ ДН 250/30/50 - бухта 25 пог. м"
"missing_product_meta","ЦБ27348","ИКОПАЛ","","Шпонка гидроизоляционная ИКОПАЛ ДН 320 - 3,2 кг/м.п. бухта 20 м.п."
"missing_product_meta","ЦВ000011220","ИКОПАЛ","","Шпонка гидроизоляционная ИКОПАЛ ДН-У 320/35/50 внутренний угол - бухта 20 пог.м"
"missing_product_meta","ЦВ000011113","ИКОПАЛ","","Шпонка гидроизоляционная ИКОПАЛ ДН-У 320/35/50-Н наружный угол  бухта 20 пог.м"
"missing_product_meta","ЦБ48461","ИКОПАЛ","","Шпонка гидроизоляционная ИКОПАЛ ДП 140/35/50 - бухта 20 м.п."
"missing_product_meta","ЦБ14849","ИКОПАЛ","","Шпонка гидроизоляционная ИКОПАЛ ДП 140/40/50 -3,19 кг/м.п. бухта 25 м.п."
"missing_product_meta","ЦВ000206351","ИКОПАЛ","","Шпонка гидроизоляционная ИКОПАЛ ДП-Р 140/35/50-20 прижимная, м.п."
"missing_product_meta","ЦВ000208221","ИКОПАЛ","","Шпонка гидроизоляционная ИКОПАЛ ХВ 240 - бухта 0,24м х 25м"
"missing_product_meta","ЦБ54173","ИКОПАЛ","","Шпонка гидроизоляционная ИКОПАЛ ХВ 320 (0,32м х 25м)"
"missing_product_meta","ЦБ14848","ИКОПАЛ","","Шпонка гидроизоляционная ИКОПАЛ ХВС 150/1 -1,6 кг/м.п. 30 м.п."
"missing_product_meta","ЦВ000207415","ИКОПАЛ","","Шпонка гидроизоляционная ИКОПАЛ ХВС 150/1 -1,6 кг/м.п. 30 м.п."
"missing_product_meta","ЦВ000207127","ИКОПАЛ","","Шпонка гидроизоляционная ИКОПАЛ ХН 200/20 бухта 0,2м х 25м  м.п."
"missing_product_meta","ЦБ48076","ИКОПАЛ","","Шпонка гидроизоляционная ИКОПАЛ ХН 320/35 - 2,97 кг/м.п. бухта 20 м.п."
"missing_product_meta","ЦБ52541","ИКОПАЛ","","Шпонка гидроизоляционная ИКОПАЛ ХН-Б 200/25 бухта 0,2м х 25м"
"missing_product_meta","ЦВ000205796","ИКОПАЛ","","ИНЖЕКТО Икопал"
"missing_product_meta","ЦВ000205797","ИКОПАЛ","","Заглушка инжектосистемы Икопал"
"missing_product_meta","ЦБ13034","ИКОПАЛ","","ИКОПАЛ Переходник"
"missing_product_meta","ЦВ000012211","ИКОПАЛ","","ИКОПАЛ Трубка нагнетательная инжектосистемы (цв.красный)"
"missing_product_meta","ЦВ000012210","ИКОПАЛ","","ИКОПАЛ Трубка перфорированная инжектосистемы"
"missing_product_meta","ЦВ000205802","ИКОПАЛ","","Переходник инжектосистемы Икопал"
"missing_product_meta","ЦВ000205799","ИКОПАЛ","","Скоба крепежная инжектосистемы Икопал"
"missing_product_meta","ЦВ000205800","ИКОПАЛ","","Трубка нагнетательная инжектосистемы Икопал (Цв.белый)"
"missing_product_meta","ЦВ000205801","ИКОПАЛ","","Хомут инжектосистемы Икопал"
"missing_product_meta","ЦВ000205798","ИКОПАЛ","","Штуцер инъекционный инжектосистемы Икопал"
"missing_product_meta","ЦВ000208976","ИКОПАЛ","","ПВХ-лента ИКОПАЛ 0,03*50 м"
"missing_product_meta","ЦВ000208882","ИКОПАЛ","","Шпонка гидроизоляционная ИКОПАЛ ДВ 250/50, 25м"
"missing_product_meta","ЦВ000208883","ИКОПАЛ","","Шпонка гидроизоляционная ИКОПАЛ ДВ 320/50, 20м"
"missing_product_meta","ЦВ000208873","ИКОПАЛ","","Шпонка гидроизоляционная ИКОПАЛ ДН 250/30/50, 25м"
"missing_product_meta","ЦВ000208875","ИКОПАЛ","","Шпонка гидроизоляционная ИКОПАЛ ДН 500/35/50,10м"
"missing_product_meta","ЦВ000208879","ИКОПАЛ","","Шпонка гидроизоляционная ИКОПАЛ ДН-У 500/35/50 наружний угол, 10м"
"missing_product_meta","ЦВ000221192","ИКОПАЛ","","Шпонка гидроизоляционная ИКОПАЛ Д-Р 330 20мп"
"missing_product_meta","ЦВ000208905","ИКОПАЛ","","Шпонка гидроизоляционная ИКОПАЛ ТПО ХН 210/30, 25м"
"missing_product_meta","ЦВ000208906","ИКОПАЛ","","Шпонка гидроизоляционная ИКОПАЛ ТПО ХН 310/30, 20м"
"missing_product_meta","ЦВ000221725","ИКОПАЛ","","Шпонка гидроизоляционная ИКОПАЛ ХВ 150"
"missing_product_meta","ЦВ000208895","ИКОПАЛ","","Шпонка гидроизоляционная ИКОПАЛ ХВ 320, 20м"
"missing_product_meta","ЦВ000208896","ИКОПАЛ","","Шпонка гидроизоляционная ИКОПАЛ ХВС 120/2 (D4), 30м"
"missing_product_meta","ЦВ000208898","ИКОПАЛ","","Шпонка гидроизоляционная ИКОПАЛ ХВС 125/2, 30м"
"missing_product_meta","ЦВ000208890","ИКОПАЛ","","Шпонка гидроизоляционная ИКОПАЛ ХН 200/20, 25м"
"missing_product_meta","ЦВ000208891","ИКОПАЛ","","Шпонка гидроизоляционная ИКОПАЛ ХН 240/25, 25м"
"missing_product_meta","ЦВ000208893","ИКОПАЛ","","Шпонка гидроизоляционная ИКОПАЛ ХН 500/35, 10м"
"missing_product_meta","ЦВ000208887","ИКОПАЛ","","Шпонка гидроизоляционная ИКОПАЛ ХН-Б 200/25, 25м"
"missing_product_meta","ЦВ000208888","ИКОПАЛ","","Шпонка гидроизоляционная ИКОПАЛ ХН-Б 240/25, 25м"
"missing_product_meta","ЦВ000208889","ИКОПАЛ","","Шпонка гидроизоляционная ИКОПАЛ ХН-Б 320/35, 20м"
"missing_product_meta","ЦБ49107","ТЕХНОНИКОЛЬ","","ТехноНИКОЛЬ"
"missing_product_meta","ЦВ000248463","ТЕХНОНИКОЛЬ","","Гидропробка набухающая из гидрофильной резины 22 мм ТЕХНОНИКОЛЬ"
"missing_product_meta","ЦБ53557","ТЕХНОНИКОЛЬ","","ПВХ Гидрошпонка ТехноНИКОЛЬ EM-260/20 (10 м/рул)"
"missing_product_meta","ЦВ000220351","ТЕХНОНИКОЛЬ","","ПВХ Гидрошпонка ТехноНИКОЛЬ FMR-140/50 (10 м/рул)"
"missing_product_meta","ЦВ000226366","ТЕХНОНИКОЛЬ","","ПВХ Гидрошпонка ТехноНИКОЛЬ ВР-240 (10 м/рул)"
"missing_product_meta","ЦВ000229410","ТЕХНОНИКОЛЬ","","ТехноНИКОЛЬ Фундамент ДШ-Н-250"
"missing_product_meta","ВН02210","ИКОПАЛ","","ИКОПАЛ"
"missing_product_meta","ЦВ000010918","ЗИКА","","SIKA - Мастика и праймер"
"missing_product_meta","ЦВ000015540","ЗИКА","","Sika Igolflex N Мастика Однокомпонентная битумнополимерная, 25 кг"
"missing_product_meta","ЦВ000011989","ЗИКА","","SIKA SIKABOND-151 однокомпонентный клей для деревянных полов (17 кг)"
"missing_product_meta","ЦВ000016502","ЗИКА","","Обмазочная гидроизоляция SikaSeal-210 Migrating Ведро 15кг"
"missing_product_meta","ЦВ000016503","ЗИКА","","Смесь гидроизоляционная сухая Sika-101a , 25кг"
"missing_product_meta","ВН02167","ТЕХНОНИКОЛЬ","","ТехноНИКОЛЬ"
"missing_product_meta","ВН02209","ТЕХНОНИКОЛЬ","","ТехноНИКОЛЬ - Мастика и бутум"
"missing_product_meta","ЦВ000243651","ТЕХНОНИКОЛЬ","","Гидроизоляция полимерная AquaMast под плитку, 5 кг"
"missing_product_meta","ЦВ000218385","ТЕХНОНИКОЛЬ","","Мастика битумная AquaMast (18кг) фундамент, ЕКН 393547"
"missing_product_meta","ЦБ19257","ТЕХНОНИКОЛЬ","","Мастика герметизирующая ТЕХНОНИКОЛЬ №71, ведро 14кг"
"missing_product_meta","ЦВ000012868","ТЕХНОНИКОЛЬ","","Мастика приклеивающая ТЕХНОНИКОЛЬ №27, 12 кг для экструзии"
"missing_product_meta","ЦБ08285","ТЕХНОНИКОЛЬ","","Мастика приклеивающая ТЕХНОНИКОЛЬ №27, ведро 12 кг, для экструзии"
"missing_product_meta","ЦВ000221773","ТЕХНОНИКОЛЬ","","Мастика ТЕХНОНИКОЛЬ №33"
"missing_product_meta","ЦВ000249012","ТЕХНОНИКОЛЬ","","Мастика ТехноНИКОЛЬ-Пламя Стоп"
"missing_product_meta","ВН02212","ТЕХНОНИКОЛЬ","","ТехноНИКОЛЬ битум нефтяной фасованный БН 90/10 (брикет, пластина, п/э, 25 кг)"
"missing_product_meta","ЦВ000221674","ТЕХНОНИКОЛЬ","","Технониколь Герметик универсальный силиконовый Бесцветный 280 мл"
"missing_product_meta","ЦВ000207782","ТЕХНОНИКОЛЬ","","Технониколь Мастика Фиксер 310 мл"
"missing_product_meta","ВН02208","ТЕХНОНИКОЛЬ","","ТехноНИКОЛЬ - Праймеры"
"missing_product_meta","ЦВ000220062","ИЗОБОКС","","Мастика гидроизоляционная ISOBOX, ведро 22 кг"
"missing_product_meta","ЦВ000227645","ТЕХНОНИКОЛЬ","","Праймер битумный универсальный AquaMast, 15 кг"
"missing_product_meta","ЦБ51727","ROCKWOOL","","ROCKWOOL"
"missing_product_meta","ЦБ21182","ROCKWOOL","","Жесть с нанесенным ПВХ 2000х1000 Rockwool"
"missing_product_meta","ЦБ21301","ROCKWOOL","","Жесть с нанесенным ПВХ 2000х1000 Rockwool"
"missing_product_meta","ЦБ18948","ЗИКА","","SIKA"
"missing_product_meta","ЦВ000247167","ЗИКА","","Кровельная гидроизоляционная мембрана Sikaplan VG-18 (RUS P) светло-серая Рулон 2,15 х15 м"
"missing_product_meta","ЦВ000246388","ЗИКА","","Мембрана гидроизоляционная Sikaplan WP 1100-15HL -RUS-, желтый, толщ. 1,5 мм, рулон 2,1х20 м"
"missing_product_meta","ЦБ05803","ЗИКА","","Мембрана годроизоляционная Sikaplan-15 G-03- светло-серый (1,5 мм) Рулон 2,00 х 20 м для механической фиксации"
"missing_product_meta","ЦБ04353","ИКОПАЛ","","ИКОПАЛ"
"missing_product_meta","ЦВ000206621","ПЕНОПЛЭКС","","ПЛАСТФОЙЛ -Plastfoil F INDASTRY (1,2 х 2100 х 25000-рулон 52,5м2)"
"missing_product_meta","ЦБ53657","ПЕНОПЛЭКС","","ПЛАСТФОЙЛ -Plastfoil Geo (1,5 х 2000 х 20000-рулон 40 м2)"
"missing_product_meta","ЦВ000219708","ПЕНОПЛЭКС","","ПЛАСТФОЙЛ -PLASTFOIL Geo"" (2 х 2000 х 32000)"
"missing_product_meta","ЦБ53641","ПЕНОПЛЭКС","","ПЛАСТФОЙЛ -PLASTFOIL LIGHT (1,2*2100*25000) 52,5 м2, ПВХ-мембрана, армированная синтетической сеткой"
"missing_product_meta","ЦВ000219916","ПЕНОПЛЭКС","","ПЛАСТФОЙЛ -PLASTFOIL Polar (1,2 х 2100 х 25000-рулон 52,5м2))"
"missing_product_meta","ЦБ27657","ПЕНОПЛЭКС","","ПЛАСТФОЙЛ -Plastfoil polar ral 5015 (1,5*2100*20000) 42 м2, вес 76.4 кг, ПВХ-мембрана армированная"
"missing_product_meta","ЦВ000011971","ПЕНОПЛЭКС","","ПЛАСТФОЙЛ -PLASTFOIL® classic  (1,8*2100*15000) 31,5 м2, вес 76.4 кг, ПВХ-мембрана армированная"
"missing_product_meta","ЦБ17040","ПЕНОПЛЭКС","","ПЛАСТФОЙЛ -PLASTFOIL® LAY (1,5*2100*20000) 42 м2, вес 76.4 кг, ПВХ-мембрана армированная"
"missing_product_meta","ВН06811","ТЕХНОНИКОЛЬ","","ТехноНИКОЛЬ"
"missing_product_meta","ЦВ000225842","ТЕХНОНИКОЛЬ","","ПВХ Logicroof V-GR 1.8 мм мембрана серая 2,10x15 м"
"missing_product_meta","ЦВ000225847","ТЕХНОНИКОЛЬ","","ПВХ Logicroof V-GR FB 1,8 мм мембрана серая 2,10x15 м"
"missing_product_meta","ЦВ000205627","ТЕХНОНИКОЛЬ","","ПВХ Logicroof V-GR FB 2,0 мм мембрана серая E1 2,10x15 м"
"missing_product_meta","ЦБ48183","ТЕХНОНИКОЛЬ","","ПВХ Logicroof V-RP 1,2  мм мембрана серая  2,10x20 м"
"missing_product_meta","ЦБ01865","ТЕХНОНИКОЛЬ","","ПВХ Logicroof V-RP 1,2 мм мембрана серая 2,05*25м"
"missing_product_meta","ЦВ000230033","ТЕХНОНИКОЛЬ","","ПВХ Logicroof V-RP Arctiс 1,2 мембрана серая 2,10х25 м"
"missing_product_meta","ЦБ08894","ТЕХНОНИКОЛЬ","","PLANTER"
"missing_product_meta","ЦБ51477","ТЕХНОНИКОЛЬ","","Комплектующие PLANTER"
"missing_product_meta","ЦВ000016600","ТЕХНОНИКОЛЬ","","PLANTER extra geo мембрана профилированная 2х10м"
"missing_product_meta","ЦБ03862","ИКОПАЛ","","ИКОПАЛ"
"missing_product_meta","ВН01644","ПЕНОПЛЭКС","","Сендвич-панель 3000х1200  мм (пеноплэкс, профнастил)"
"missing_product_meta","ЦВ000014549","ТЕХНОНИКОЛЬ","","ТехноНИКОЛЬ"
"missing_product_meta","ЦБ15453","ТЕХНОНИКОЛЬ","","Аэратор (кровельный ТехноНИКОЛЬ ЭКО 160х460 мм)"
"missing_product_meta","ЦВ000207280","ТЕХНОНИКОЛЬ","","Аэратор кровельный Технониколь ЭКО 73х340"
"missing_product_meta","ВН06534","ТЕХНОНИКОЛЬ","","Аэратор КТВ ТехноНИКОЛЬ коричневый"
"missing_product_meta","ЦВ000015840","ТЕХНОНИКОЛЬ","","Воронка парапетная Технониколь Ультра 110х245"
"missing_product_meta","ЦВ000009366","ТЕХНОНИКОЛЬ","","Воронка ТехноНИКОЛЬ ВБ ЭКО 110х450"
"missing_product_meta","ЦВ000221056","ТЕХНОНИКОЛЬ","","Воронка ТехноНИКОЛЬ с обжимным фланцем, 110х450"
"missing_product_meta","ЦВ000245797","ТЕХНОНИКОЛЬ","","Воронка ТехноНИКОЛЬ ЭКО с обжимным фланцем 110*700мм"
"missing_product_meta","ЦВ000246303","ТЕХНОНИКОЛЬ","","Парозатворный уплотнитель ТехноНИКОЛЬ (100-110 мм) EPDM"
"missing_product_meta","ЦВ000206375","ТЕХНОНИКОЛЬ","","LOGICROOF SelfPatch для временного ремонта ПВХ мембраны"
"missing_product_meta","ЦБ21632","ТЕХНОНИКОЛЬ","","LOGICROOF SPRAY Клей Контактный, 17л"
"missing_product_meta","ЦВ000219148","ТЕХНОНИКОЛЬ","","Клей контактный для ПВХ мембран ТехноНИКОЛЬ 5 л"
"missing_product_meta","ЦВ000227439","ТЕХНОНИКОЛЬ","","Кровельное ограждение ТехноНиколь KO/PRO/PV/600-2"
"missing_product_meta","ЦВ000245350","ТЕХНОНИКОЛЬ","","Кровельное ограждение ТехноНИКОЛЬ КО/PRO/PH/600-2"
"missing_product_meta","ЦВ000229679","ТЕХНОНИКОЛЬ","","Кровельное ограждение ТехноНИКОЛЬ КО/PRO/PL/1200-3 (В комплекте 3 пог.м.)"
"missing_product_meta","ЦБ50715","ТЕХНОНИКОЛЬ","","Лента ПВХ ТЕХНОНИКОЛЬ 30м х220мм"
"missing_product_meta","ЦВ000205637","ТЕХНОНИКОЛЬ","","Нож для резки мембран ТехноНИКОЛЬ"
"missing_product_meta","ЦВ000246814","ТЕХНОНИКОЛЬ","","Парозатворный уплотнитель ТехноНИКОЛЬ (100-110 мм) EPDM"
"missing_product_meta","ЦВ000246815","ТЕХНОНИКОЛЬ","","Парозатворный уплотнитель ТехноНИКОЛЬ (150-160 мм) EPDM"
"missing_product_meta","ЦБ00911","ТЕХНОНИКОЛЬ","","Разделительный слой ТехноНИКОЛЬ СХ (1,0*500)"
"missing_product_meta","ЦВ000225964","ТЕХНОНИКОЛЬ","","Угловой крепеж XPS ТЕХНОНИКОЛЬ (150 шт упак)"
"missing_product_meta","ЦВ000246817","ТЕХНОНИКОЛЬ","","Уплотнитель антенн и труб ТехноНИКОЛЬ 0 - 40мм"
"missing_product_meta","ЦВ000246813","ТЕХНОНИКОЛЬ","","Уплотнитель антенн и труб ТехноНИКОЛЬ 110 - 125мм"
"missing_product_meta","ЦВ000246816","ТЕХНОНИКОЛЬ","","Уплотнитель антенн и труб ТехноНИКОЛЬ 50 - 60мм"
"missing_product_meta","ЦВ000224952","ТЕХНОНИКОЛЬ","","ТехноНИКОЛЬ"
"missing_product_meta","ЦВ000225040","ТЕХНОНИКОЛЬ","","Выход из желоба ТЕХНОНИКОЛЬ МАКСИ 152/100 мм графитово-серый (RAL 7024)"
"missing_product_meta","ЦВ000225037","ТЕХНОНИКОЛЬ","","Желоб круглый L=3 м ТЕХНОНИКОЛЬ МАКСИ 152/100 мм графитово- серый (RAL 7024)"
"missing_product_meta","ЦВ000225041","ТЕХНОНИКОЛЬ","","Колено 67 гр. ТЕХНОНИКОЛЬ МАКСИ 152/100 мм графитово-серый (RAL 7024)"
"missing_product_meta","ЦВ000225043","ТЕХНОНИКОЛЬ","","Крепление трубы без штыря ТЕХНОНИКОЛЬ МАКСИ 152/100 мм графитово-серый (RAL 7024)"
"missing_product_meta","ЦВ000225039","ТЕХНОНИКОЛЬ","","Крюк карнизный металлический ТЕХНОНИКОЛЬ МАКСИ 152/100 мм графитово-серый (RAL 7024)"
"missing_product_meta","ЦВ000225046","ТЕХНОНИКОЛЬ","","Соединитель желобов ТЕХНОНИКОЛЬ МАКСИ 152/100 мм графитово-серый (RAL 7024)"
"missing_product_meta","ЦВ000225044","ТЕХНОНИКОЛЬ","","Соединитель труб ТЕХНОНИКОЛЬ МАКСИ 152/100 мм графитово- серый (RAL 7024)"
"missing_product_meta","ЦВ000248475","ТЕХНОНИКОЛЬ","","ТЕХНОНИКОЛЬ трубчатый снегозадержатель 25х45 оцинков. RAL 7024 серый 3м (к-т)"
"missing_product_meta","ЦВ000225042","ТЕХНОНИКОЛЬ","","Труба круглая L=3 м ТЕХНОНИКОЛЬ МАКСИ 152/100 мм графитово- серый (RAL 7024)"
"missing_product_meta","ЦВ000225038","ТЕХНОНИКОЛЬ","","Угол желоба ТЕХНОНИКОЛЬ МАКСИ 152/100 мм 90 гр. графитово- серый (RAL 7024)"
"missing_product_meta","ЦВ000225033","ТЕХНОНИКОЛЬ","","Ендова серый камень ТЕХНОНИКОЛЬ SHINGLAS, рул. 10 п.м"
"missing_product_meta","ЦВ000226425","ТЕХНОНИКОЛЬ","","Завершающая полоса L=3000 ТЕХНОНИКОЛЬ бруния (серый)"
"missing_product_meta","ЦВ000225057","ТЕХНОНИКОЛЬ","","Завершающая полоса L=3000 ТЕХНОНИКОЛЬ жасмин (белый)"
"missing_product_meta","ЦВ000224661","ТЕХНОНИКОЛЬ","","Клей ТЕХНОНИКОЛЬ ПУ Монтажный 310 мл."
"missing_product_meta","ЦВ000225031","ТЕХНОНИКОЛЬ","","Ковер подкладочный 25*1 м ANDEREP NEXT SELF ТЕХНОНИКОЛЬ SHINGLAS"
"missing_product_meta","ЦВ000225032","ТЕХНОНИКОЛЬ","","Ковер подкладочный 30*1,1 м ANDEREP NEXT FIX ТЕХНОНИКОЛЬ SHINGLAS"
"missing_product_meta","ЦБ02715","ТЕХНОНИКОЛЬ","","Ковер подкладочный Унифлекс Л ЭММ (1м.)"
"missing_product_meta","ЦБ17017","ТЕХНОНИКОЛЬ","","Конек/карниз аликанте ТЕХНОНИКОЛЬ SHINGLAS, уп. 12 / 20 п.м"
"missing_product_meta","ЦВ000225034","ТЕХНОНИКОЛЬ","","Конек/карниз кастилия ТЕХНОНИКОЛЬ SHINGLAS, уп. 12 / 20 п.м"
"missing_product_meta","ЦБ20816","ТЕХНОНИКОЛЬ","","Конек/карниз севилья ТЕХНОНИКОЛЬ SHINGLAS, уп.12/20п.м."
"missing_product_meta","ЦВ000226410","ТЕХНОНИКОЛЬ","","Конек/карниз серый экстра ТЕХНОНИКОЛЬ SHINGLAS, уп. 12 / 20 п.м"
"missing_product_meta","ВН06535","ТЕХНОНИКОЛЬ","","Коньковый аэратор ТехноНИКОЛЬ"
"missing_product_meta","ЦВ000225054","ТЕХНОНИКОЛЬ","","Н-молдинг L=3000 ТЕХНОНИКОЛЬ жасмин (белый)"
"missing_product_meta","ЦВ000226424","ТЕХНОНИКОЛЬ","","Окантовка (J-профиль) L=3000 ТЕХНОНИКОЛЬ бруния (серый)"
"missing_product_meta","ЦВ000225055","ТЕХНОНИКОЛЬ","","Окантовка (J-профиль) L=3000 ТЕХНОНИКОЛЬ жасмин (белый)"
"missing_product_meta","ЦВ000226423","ТЕХНОНИКОЛЬ","","Панель потолочная (софит) полностью перфор. 3000*340(308) ТЕХНОНИКОЛЬ бруния (серый)"
"missing_product_meta","ЦВ000225053","ТЕХНОНИКОЛЬ","","Панель потолочная (софит) полностью перфор. 3000*340(308) ТЕХНОНИКОЛЬ жасмин (белый)"
"missing_product_meta","ЦВ000225052","ТЕХНОНИКОЛЬ","","ТЕХНОНИКОЛЬ SHINGLAS Джаз кастилия"
"missing_product_meta","ЦВ000245375","ТЕХНОНИКОЛЬ","","ТЕХНОНИКОЛЬ SHINGLAS многослойная черепица, Кантри, Бронза & 4D4X21-8406RUS"
"missing_product_meta","ЦВ000224942","ТЕХНОНИКОЛЬ","","ТЕХНОНИКОЛЬ SHINGLAS Оптима соната красный"
"missing_product_meta","ЦВ000226409","ТЕХНОНИКОЛЬ","","ТЕХНОНИКОЛЬ SHINGLAS Фазенда серый"
"missing_product_meta","ЦВ000230962","ТЕХНОНИКОЛЬ","","ТЕХНОНИКОЛЬ SHINGLAS Финская соната зеленый"
"missing_product_meta","ЦВ000245377","ТЕХНОНИКОЛЬ","","ТЕХНОНИКОЛЬ вентиляционная лента ПВХ коричневая, 5м"
"missing_product_meta","ЦВ000245378","ТЕХНОНИКОЛЬ","","ТЕХНОНИКОЛЬ Гибкая черепица, коньково-карнизная, Бронза new & 4К4Е21-0545RUS"
"missing_product_meta","ЦВ000230961","ТЕХНОНИКОЛЬ","","ТЕХНОНИКОЛЬ Гибкая черепица, коньково-карнизная, зеленый микс"
"missing_product_meta","ЦВ000220514","ТЕХНОНИКОЛЬ","","Технониколь Ендовый ковер (1х10 м) Коричневый"
"missing_product_meta","ЦВ000224497","ТЕХНОНИКОЛЬ","","Технониколь Ендовый ковер (1х10 м) Темно - Коричневый"
"missing_product_meta","ЦВ000221648","ТЕХНОНИКОЛЬ","","Технониколь Коньково-карнизная черепица (12 м.п./20 м.п) NEW Граунд"
"missing_product_meta","ЦВ000220513","ТЕХНОНИКОЛЬ","","Технониколь Коньково-карнизная черепица (12 м.п./20 м.п) Кедр"
"missing_product_meta","ЦВ000207779","ТЕХНОНИКОЛЬ","","Технониколь Коньково-карнизная черепица (12 м.п./20 м.п) Онтарио"
"missing_product_meta","ЦВ000224498","ТЕХНОНИКОЛЬ","","Технониколь Коньково-карнизная черепица (12 м.п./20 м.п) Янтарь"
"missing_product_meta","ЦВ000220516","ТЕХНОНИКОЛЬ","","Технониколь Подкладочный ковер ANDEREP GL LIGHT 15 м2 стеклохолст"
"missing_product_meta","ЦБ04120","ТЕХНОНИКОЛЬ","","Технониколь Подкладочный ковер ANDEREP PROF PLUS (полиэстер/полиэфир) 0,8мм 25х1м"
"missing_product_meta","ЦВ000221646","ТЕХНОНИКОЛЬ","","Технониколь Черепица Болеро 3 м2 NEW Граунд"
"missing_product_meta","ЦВ000218300","ТЕХНОНИКОЛЬ","","Технониколь Черепица Вестерн 1,5 м2 Каньон"
"missing_product_meta","ЦВ000207776","ТЕХНОНИКОЛЬ","","Технониколь Черепица Кантри 2,6 м2 Онтарио"
"missing_product_meta","ЦВ000209025","ТЕХНОНИКОЛЬ","","Технониколь Черепица Ранчо 2 м2 Коричневый"
"missing_product_meta","ЦВ000226392","ТЕХНОНИКОЛЬ","","Технониколь Черепица Фазенда 2,6 м2 Коричневый"
"missing_product_meta","ЦВ000220258","ТЕХНОНИКОЛЬ","","Технониколь Черепица Фокстрот аккорд 3 м2 Кедр"
"missing_product_meta","ЦВ000220512","ТЕХНОНИКОЛЬ","","Технониколь Черепица Фокстрот аккорд 3 м2 Кедр"
"missing_product_meta","ЦБ03863","ИКОПАЛ","","ИКОПАЛ - Мягкая черепица"
"missing_product_meta","ЦВ000225151","ИКОПАЛ","","Icop Подкл. ковер K-EL ICOPAL 50/2200 15м2 (P)"
"missing_product_meta","ЦБ02160","ИКОПАЛ","","Icop Подкл. ковер K-EL ICOPAL 50/2200 15м2 (P)"
"missing_product_meta","ЦБ02287","ИКОПАЛ","","ICOPAL Pinta Ultra Ендова 10*0,7 м красный"
"missing_product_meta","ЦБ09007","ИКОПАЛ","","ICOPAL plano  Antik Brick red (кирпично-красный) 3м2 (26401)"
"missing_product_meta","ЦБ08232","ИКОПАЛ","","ICOPAL Plano Natur шестигр.  без тени угольно-серый 3м2"
"missing_product_meta","ЦБ06981","ИКОПАЛ","","ICOPAL Plano Tema, кор."
"missing_product_meta","ЦБ47358","ИКОПАЛ","","ICOPAL Tema natural Brown 3v2 (26345), коричневый."
"missing_product_meta","ЦБ02285","ИКОПАЛ","","ICOPAL Сombi Конек/карниз 0,25*10/0,20*16 красный"
"missing_product_meta","ЦБ47357","ИКОПАЛ","","ICOPAL Сombi, Конек/карниз 0,25х10/0,20х16м коричневый"
"missing_product_meta","ЦБ06982","ИКОПАЛ","","ICOPAL Сombi, кор"
"missing_product_meta","ЦБ02292","ИКОПАЛ","","ICOР Подкл. ковер К-ЕL ICOPAL 50/2200 15м2 (Р)"
"missing_product_meta","ЦБ08111","ИКОПАЛ","","Подкладочный ковер Icopal Felix (40м2)"
"missing_product_meta","ЦВ000248718","ТЕХНОНИКОЛЬ","","Технониколь"
"missing_product_meta","ЦВ000225114","ТЕХНОНИКОЛЬ","","Технониколь HAUBERK NEW Фасадная плитка Кирпич 2 м2 Мраморный"
"missing_product_meta","ЦВ000220530","ТЕХНОНИКОЛЬ","","Технониколь HAUBERK Фасадная плитка Кирпич 2,5 м2 Готический"
"missing_product_meta","ЦВ000248466","ТЕХНОНИКОЛЬ","","ТЕХНОНИКОЛЬ HAUBERK фасадная плитка, Кирпич, Готический"
"missing_product_meta","ЦВ000220531","ТЕХНОНИКОЛЬ","","Технониколь Уголок металлический внешний 50х50х1250мм Сланец"
"missing_product_meta","ЦВ000225113","ТЕХНОНИКОЛЬ","","Технониколь Уголок металлический внутренний 50х50х1250мм Мраморный"
"missing_product_meta","ЦВ000220532","ТЕХНОНИКОЛЬ","","Технониколь Уголок металлический внутренний 50х50х1250мм Сланец"
"missing_product_meta","ЦВ000016305","ТЕХНОНИКОЛЬ","","Электрообогреватель ТехноНИКОЛЬ для газовых баллонов"
"missing_product_meta","ЦВ000012447","КНАУФ","","Соединитель профилей двухуровневый ""Кнауф"" (100) шт (арт.663444)"
"missing_product_meta","ЦБ17806","КНАУФ","","Удлинитель профиля П60х27 ""Кнауф"" (100 шт.)"
"missing_product_meta","ЦБ18430","ЗИКА","","Пилки для лобзика по дереву 3 шт., 75 х 2,5мм, HCS, EU- хвостовик// MATRIX Professional"
"missing_product_meta","ЦВ000015467","ЗИКА","","Пилки для лобзика по дереву 3 шт., 75 х 4мм, HCS, EU- хвостовик// MATRIX Professional"
"missing_product_meta","ЦВ000015606","ЗИКА","","Пилки для лобзика по дереву 3 шт., 75 х 4мм, HCS, T 101D,EU- хвостовик// MATRIX Professional"
"missing_product_meta","ЦБ12432","ЗИКА","","ПОЛОТНА  Д/ЭЛ. ЛОБЗИКА ПО ДЕРЕВУ ПЛАСТИКУ EU 3 ШТ 75*1,2 ММ ШАГ 3 ММ Т 111С(1/50) КЕДР"
"missing_product_meta","ЦБ53517","ЗИКА","","ПОЛОТНА  Д/ЭЛ. ЛОБЗИКА ПО ДЕРЕВУ ПЛАСТИКУ US 3 ШТ 50*1 ММ ШАГ 1,1 ММ U 101В (1/50) КЕДР"
"missing_product_meta","ЦБ53516","ЗИКА","","ПОЛОТНА  Д/ЭЛ. ЛОБЗИКА ПО ДЕРЕВУ ПЛАСТИКУ US 3 ШТ 50*1 ММ ШАГ 1,3 ММ U 101В (1/50) КЕДР"
"missing_product_meta","ЦБ12433","ЗИКА","","ПОЛОТНА  Д/ЭЛ. ЛОБЗИКА ПО ДЕРЕВУ ПЛАСТИКУ US 3 ШТ 75*1 ММ ШАГ 2,5 ММ U 101В (1/50) КЕДР"
"missing_product_meta","ЦБ07151","ПЛИТОНИТ","","Клей В Плитонит плиточный 25 кг"
"missing_product_meta","ЦВ000009620","ОСНОВИТ","","Клей Монтажный ОСНОВИТ СЕЛФОРМ MC112 F ЗИМНИЙ (20кг)"
"missing_product_meta","ЦВ000207104","КНАУФ","","Армирующая лента Курт для швов 75м КНАУФ (арт. 650031)"
"missing_product_meta","ЦБ18841","КНАУФ","","Лента бумажная Knauf для швов гипсокартона 52 мм *150"
"missing_product_meta","ЦБ07309","КНАУФ","","Флехендихтбанд лента гидроизоляционная сетчатая KNAUF"
"missing_product_meta","ЦВ000222861","КНАУФ","","Лента разделительная КНАУФ 65 мм (50 м) 745505/ 57871"
"missing_product_meta","ЦВ000227496","КНАУФ","","КНАУФ Лента разделительная 65 мм (50 м)"
"missing_product_meta","ЦВ000243021","ЦЕРЕЗИТ","","Краска фасадная силикатная Церезит CT 54 база транспарентная 15 л, цвет Columbia 5"
"missing_product_meta","ЦВ000207777","ТЕХНОНИКОЛЬ","","Фризовая полоса комбинированная (J-фаска) 3000*250 ТЕХНОНИКОЛЬ бруния (серый)"
"missing_product_meta","ЦВ000225056","ТЕХНОНИКОЛЬ","","Фризовая полоса комбинированная (J-фаска) 3000*250 ТЕХНОНИКОЛЬ жасмин (белый)"
"missing_product_meta","ВН02712","ЗИКА","","SIKA"
"missing_product_meta","ВН05510","ЗИКА","","Sikaviscocrete-20HE контейнер 1000кг добавка в бетон"
"missing_product_meta","ЦБ10522","ЗИКА","","Герметик Sikaflex (коричневый) 300 мл"
"missing_product_meta","ЦБ10530","ЗИКА","","Герметик Sikaflex (серый) 300 мл"
"missing_product_meta","ЦБ01533","ЗИКА","","Герметик Sikaflex (черный) 310 мл"
"missing_product_meta","ЦБ04523","ЗИКА","","Герметик Sikaflex AT-Connec. grey V10/12 CTR300"
"missing_product_meta","ЦБ48013","ЗИКА","","Герметик Sikaflex Construction 600 мл серый"
"missing_product_meta","ЦБ04517","ЗИКА","","Клей-герметик Sikaflex-11FC серый"
"missing_product_meta","ВН05793","ЗИКА","","Клей-герметик Sikaflex-11FC,серый, 20*600мл"
"missing_product_meta","ЦБ01621","ЗИКА","","Клей-герметик Sikaflex-11FC+ белый, 12*300 мл (RU)"
"missing_product_meta","ЦВ000224886","ЗИКА","","Эпоксидный клей и ремонтный составSikadur-31+ RU (A+B)Система 6 кг"
"missing_product_meta","ЦВ000246054","ЗИКА","","МастерЭмако (ЗикаЭмако)"
"missing_product_meta","ЦВ000230456","ПЛИТОНИТ","","ПЛИТОНИТ ГЕРМЕТИКИ"
"missing_product_meta","ЦВ000218983","ЦЕРЕЗИТ","","Герметик-затирка силиконовая противогрибковая Ceresit CS 25 01 белая 280 мл.,"
"missing_product_meta","ЦБ10955","ТЕХНОНИКОЛЬ","","ТехноНИКОЛЬ-Герметики"
"missing_product_meta","ЦБ07189","ТЕХНОНИКОЛЬ","","Герметик ""ТехноНИКОЛЬ"" БП-Г50 (14кг/шт)"
"missing_product_meta","ЦВ000221735","ТЕХНОНИКОЛЬ","","Герметик ТехноНИКОЛЬ 2К (белый) 12 кг"
"missing_product_meta","ЦБ19780","ТЕХНОНИКОЛЬ","","Герметик ТЕХНОНИКОЛЬ 2К ведро 12кг"
"missing_product_meta","ЦВ000209641","ТЕХНОНИКОЛЬ","","Пена монтажная профессиональная ТЕХНОНИКОЛЬ 65 MAXIMUM зимняя, 12*990 гр."
"missing_product_meta","ЦВ000228349","КНАУФ","","ППГЗ (плита перфорир.гипсокартон.звукопогл.) С2-12/25КВ-4ПК-2000х1200х12,5 Б (25) Кнауф-Акустика"
"missing_product_meta","ЦВ000244252","ТЕХНОНИКОЛЬ","","ТехноНИКОЛЬ"
"missing_product_meta","ЦВ000219106","ROCKWOOL","","Rockwool Сетка фасадная ROCKfiber-В"
"missing_product_meta","ЦВ000244251","ТЕХНОНИКОЛЬ","","ТехноНИКОЛЬ"
"missing_product_meta","ЦВ000221489","ТЕХНОНИКОЛЬ","","Стеклосетка фасадная щелочестойкая ТЕХНОНИКОЛЬ 1500 (рулон 1* 50м=50м2)"
"missing_product_meta","ЦБ04433","КНАУФ","","KNAUF - аквапанель"
"missing_product_meta","ЦБ49081","КНАУФ","","Акустическая перегородка AS50*610**1250 ( 18,3м2, 0,915м3) 24шт уп КНАУФ"
"missing_product_meta","ЦБ53877","КНАУФ","","Акустическая перегородка Knauf (Кнауф) 50х610х1250мм, упак.=24шт., 18.3м2"
"missing_product_meta","ЦБ53880","КНАУФ","","Акустическая перегородка Knauf (Кнауф) 8*100х610х1250мм, упак.=36шт., 6,1м2"
"missing_product_meta","ЦБ01010","КНАУФ","","КНАУФ Аквапанель 12,5 (1,2*0,9) Индур (внутренняя)"
"missing_product_meta","ЦБ52688","КНАУФ","","КНАУФ Аквапанель Indoor 1200*900*6мм"
"missing_product_meta","ВН06545","КНАУФ","","КНАУФ Аквапанель Indoor 2400*900*12,5мм"
"missing_product_meta","ЦВ000012103","КНАУФ","","КНАУФ Аквапанель Outdoor 1200*900*8мм"
"missing_product_meta","ВН06546","КНАУФ","","КНАУФ Аквапанель Outdoor 2400*900*12,5мм"
"missing_product_meta","ЦБ04340","КНАУФ","","КНАУФ Аквапанель Наружная 1200х900х12,5; 50 листов"
"missing_product_meta","ЦВ000012566","КНАУФ","","КНАУФ Аквапанель Универсальная 1200х900х8мм"
"missing_product_meta","ЦВ000248905","КНАУФ","","КНАУФ Акустическая перегородка плита 1300х610х100мм (6,34м2=0,634м3) (уп.8шт)"
"missing_product_meta","ЦВ000015268","КНАУФ","","КНАУФ"
"missing_product_meta","ЦБ00789","КНАУФ","","КНАУФ Соединитель профилей 1-уровневый П60x27мм краб (толщина 0,8мм)"
"missing_product_meta","ЦВ000209261","КНАУФ","","Подвес профиля прямой KNAUF для ПП 60х27 , 120мм (100 шт/уп) /71500"
"missing_product_meta","ЦВ000209259","КНАУФ","","Подвес профиля прямой KNAUF для ПП 60х27, 200мм (100шт/уп) /677292"
"missing_product_meta","ЦБ19790","КНАУФ","","Подвес прямой 100шт KNAUF"
"missing_product_meta","ЦВ000014721","КНАУФ","","Скоба НОНИУС (100шт/упак), КНАУФ"
"missing_product_meta","ЦБ47511","КНАУФ","","Соединитель профилей двухуровневый ""Кнауф"" (100) шт (арт.69937)"
"missing_product_meta","ЦВ000220075","КНАУФ","","Соед. 2-х двухуровневый Кнауф (100 шт/уп)"
"missing_product_meta","ВН01871","КНАУФ","","KNAUF - гипсокартон"
"missing_product_meta","ВН04029","КНАУФ","","Гипсовая плита (667*500*100) Кнауф"
"missing_product_meta","ВН04030","КНАУФ","","Гипсовая плита гидрофобизированная (667*500*100) Кнауф"
"missing_product_meta","ЦВ000218643","КНАУФ","","Гипсокартон ГСП A ПЛУК /12,5 х1200 х 2500 / KNAUF (52 лист/уп) / 286198"
"missing_product_meta","ЦВ000228230","КНАУФ","","Гипсокартон КНАУФ Сапфир 2500х1200х12,5 ПЛУК (ГСП-DFH3IR) (36)"
"missing_product_meta","ЦБ14722","КНАУФ","","КНАУФ Гипсокартон 1500*600*12,5мм малоформатный"
"missing_product_meta","ЦБ12316","КНАУФ","","КНАУФ Гипсокартон 2000*1200*12,5мм малоформатный"
"missing_product_meta","ЦБ12979","КНАУФ","","КНАУФ Гипсокартон 2500*1200*12,5мм (52 листов/уп.)"
"missing_product_meta","ЦБ13601","КНАУФ","","КНАУФ Гипсокартон 2500*1200*6,5 мм арочный (ремонтный)"
"missing_product_meta","ЦБ03131","КНАУФ","","КНАУФ Гипсокартон 2500*1200*9,5мм (68 листов/уп.)"
"missing_product_meta","ЦВ000209670","КНАУФ","","КНАУФ Гипсокартон влагостойкий 2000*1200*12,5мм малоформатный"
"missing_product_meta","ЦБ12928","КНАУФ","","КНАУФ Гипсокартон влагостойкий 2500*1200*12,5мм (52 листа/уп.)"
"missing_product_meta","ЦБ12981","КНАУФ","","КНАУФ Гипсокартон влагостойкий 2500*1200*9,5мм"
"missing_product_meta","ЦБ20112","КНАУФ","","КНАУФ Гипсокартон влагостойкий огнестойкий 2500*1200*12,5мм (52 листа/уп.)"
"missing_product_meta","ЦВ000222115","КНАУФ","","КНАУФ Гипсокартон огневодостойкий 2500х1200х12,5мм"
"missing_product_meta","ЦВ000011368","КНАУФ","","КНАУФ Суперлист влагостойкий (ГВЛВ) 2,5х1,2х0,125 м ПК"
"missing_product_meta","ВН00297","КНАУФ","","Кнауф-лист влагостойкий 2500*1200*9,5 мм (68 листов/уп.)"
"missing_product_meta","ЦБ07282","КНАУФ","","КНАУФ"
"missing_product_meta","ЦВ000011492","КНАУФ","","Кнауф Просекатель для профилей Штанцанге, арт. 523288"
"missing_product_meta","ЦБ00769","КНАУФ","","КНАУФ Профиль Н-2 50x40мм (3м)"
"missing_product_meta","ЦБ00770","КНАУФ","","КНАУФ Профиль Н-3 65x40мм (3м)"
"missing_product_meta","ЦБ00771","КНАУФ","","КНАУФ Профиль Н-4 75x40мм (3м)"
"missing_product_meta","ЦБ00772","КНАУФ","","КНАУФ Профиль Н-6 100x40мм (3м)"
"missing_product_meta","ЦВ000248434","КНАУФ","","КНАУФ Профиль направляющий ПН-2 50*40 (3м)"
"missing_product_meta","ЦВ000012146","КНАУФ","","КНАУФ Профиль ПН 3000*50*40*0,6"
"missing_product_meta","ЦБ27676","КНАУФ","","КНАУФ Профиль потолочный П60x27-3000 (3м)"
"missing_product_meta","ЦБ00774","КНАУФ","","КНАУФ Профиль потолочный П60x27-3000 (3м)"
"missing_product_meta","ЦВ000012131","КНАУФ","","КНАУФ Профиль потолочный П60x27-3000 (4м)"
"missing_product_meta","ЦБ00775","КНАУФ","","КНАУФ Профиль потолочный П60x27-4000"
"missing_product_meta","ЦБ01358","КНАУФ","","КНАУФ Профиль потолочный П60x27-4000 (4м)"
"missing_product_meta","ЦБ00783","КНАУФ","","КНАУФ Профиль ПС-6 100x50мм (3м)"
"missing_product_meta","ЦБ00776","КНАУФ","","КНАУФ Профиль ПУ 31x31x0,4мм (3м) защитный"
"missing_product_meta","ЦБ19172","КНАУФ","","КНАУФ Профиль С-6 100х50мм (5м)"
"missing_product_meta","ВН01664","КНАУФ","","ПН-4 75х40 Профиль направляющий 0,5 мм, 3м Тиги-Кнауф"
"missing_product_meta","ЦВ000015471","КНАУФ","","Профиль направляющий ""KNAUF"" ПН-4 /3000х75х40/ (360 м/уп) /111761"
"missing_product_meta","ЦБ16968","КНАУФ","","Профиль направляющий ПН-2 50/40, 3м (480 м/уп.) Кнауф (арт. 100629)"
"missing_product_meta","ЦБ49076","КНАУФ","","Профиль ПН-2 50*40*3000 Кнауф (8)"
"missing_product_meta","ЦБ53878","КНАУФ","","Профиль ПН-6 100*40*3000*0,6 Кнауф (8)"
"missing_product_meta","ЦБ19789","КНАУФ","","Профиль ПП 3000x60x27x06 (180) KNAUF"
"missing_product_meta","ЦБ49077","КНАУФ","","Профиль ПС 50*50*3000 Кнауф (8)"
"missing_product_meta","ЦБ53879","КНАУФ","","Профиль ПС-6 (100х50х0,6мм) 3м профиль стоечный Кнауф (8)"
"missing_product_meta","ЦБ16966","КНАУФ","","Профиль стоечный ПС-2 50/50 3м (384 м/уп.) Кнауф (арт. 216628)"
"missing_product_meta","ЦБ20693","КНАУФ","","Профиль стоечный ПС-2 50/50 3м (480 м/уп.) Кнауф (арт. 100629)"
"missing_product_meta","ЦБ48885","КНАУФ","","Профиль стоечный ПС-6 100/50 3м (192 м/уп.) Кнауф (арт.100641)"
"missing_product_meta","ЦБ54187","КНАУФ","","Шуруп 3,9х30 д/ГВЛ (1000 шт.) КНАУФ"
"missing_product_meta","ЦБ54002","КНАУФ","","Шуруп 3,9х30 д/ГВЛ, сверло (1000 шт.) КНАУФ"
"missing_product_meta","ЦБ16967","КНАУФ","","Профиль направляющий ПН 28/27, 3м (1008 м/уп.) Кнауф (арт. 100628)"
"missing_product_meta","ЦБ47842","КНАУФ","","Профиль направляющий ПН-4 75/40, 3м (360 м/уп.) Кнауф (арт. 111761)"
"missing_product_meta","ЦБ48235","КНАУФ","","Профиль направляющий ПН-6 100/40, 3м (240 м/уп.) Кнауф (арт. 100643)"
"missing_product_meta","ЦБ49537","КНАУФ","","Профиль потолочный ПП 60/27 , 4м (720 м/уп.) Кнауф (арт. 111747)"
"missing_product_meta","ЦБ08847","КНАУФ","","KNAUF- гипсоволокнистые листы и элемент пола"
"missing_product_meta","ЦБ27856","КНАУФ","","КНАУФ Гипсоволокнистый лист 2500*1200*10 мм влагостойкий (прямая кромка) (50 листов/уп.)"
"missing_product_meta","ВН03481","КНАУФ","","КНАУФ Гипсоволокнистый лист 2500*1200*12,5 мм влагостойкий (фальцевая кромка)"
"missing_product_meta","ЦБ12738","КНАУФ","","КНАУФ Гипсоволокнистый лист 3000*1200*12,5 мм влагостойкий"
"missing_product_meta","ЦБ47319","КНАУФ","","КНАУФ Элемент пола 1200*600*20мм (цена за 1шт)"
"missing_product_meta","ЦБ04434","КНАУФ","","KNAUF - пазогребневые плиты"
"missing_product_meta","ЦВ000010496","КНАУФ","","КНАУФ Огнезащитная гипсовая плита Файерборд 2500х1200х12,5мм"
"missing_product_meta","ЦБ08004","КНАУФ","","КНАУФ Плита гипсовая пазогребневая 667*500*100 мм влагостойкая полнотелая. 8 м2/24 шт/под."
"missing_product_meta","ЦБ08005","КНАУФ","","КНАУФ Плита гипсовая пазогребневая 667*500*100 мм обычная полнотелая"
"missing_product_meta","ЦБ08889","ЗИКА","","BASF (МастерЭмако, SikaEmaco. МастерТоп)"
"missing_product_meta","ЦВ000249013","ЗИКА","","Sikafloor-07 Primer Pro"
"missing_product_meta","ЦВ000248888","ЗИКА","","Смесь сухая упрочняющая Sikafloor® QuartzTop-135 PG MasterТop 135 PG) Natural (натуральный)"
"source_category_other","ЦВ000245099","КНАУФ","ЦВ000230155","187 - Подвес прямой Кнауф"
"source_category_other","ЦВ000208954","ИКОПАЛ","ЦВ000230155","Материал рулонный кровельный и гидроизоляционный ВиллаТекс В ЭКП 4,5 10м (25рул/под)"
"source_category_other","ЦВ000208956","ИКОПАЛ","ЦВ000230155","Материал рулонный кровельный и гидроизоляционный ВиллаТекс Изол C B ТКП 4,0 10м (25рул/под)"
"source_category_other","ЦВ000208952","ИКОПАЛ","ЦВ000230155","Материал рулонный кровельный и гидроизоляционный ВиллаТекс Н ХПП 3,0 15м (23рул/под)"
"source_category_other","ЦВ000208953","ИКОПАЛ","ЦВ000230155","Материал рулонный кровельный и гидроизоляционный ВиллаТекс Н ЭПП 3,0 15м (23рул/под)"
"source_category_other","ЦВ000208950","ИКОПАЛ","ЦВ000230155","Материал рулонный кровельный и гидроизоляционный ВиллаФлекс В ЭКП 4,5 10м (25рул/под)"
"source_category_other","ЦВ000208951","ИКОПАЛ","ЦВ000230155","Материал рулонный кровельный и гидроизоляционный ВиллаФлекс Н ЭПП 3,5 10м (30рул/под)"
"source_category_other","ЦВ000248287","ТЕХНОНИКОЛЬ","ЦВ000230155","Унифлекс PRO, 15м2"
"source_category_other","ЦБ21079","ТЕХНОНИКОЛЬ","ЦВ000230155","Унифлекс ЭКСПРЕСС"
"source_category_other","ЦВ000222949","ТЕХНОНИКОЛЬ","ЦВ000230155","Унифлекс Экспресс ЭМП"
"source_category_other","ЦВ000226463","ТЕХНОНИКОЛЬ","ЦВ000230155","Унифлекс Экспресс ЭМП 4,2 10м2 (23рул/под)"
"source_category_other","ЦВ000229195","ТЕХНОНИКОЛЬ","ЦВ000230155","Гидроизоляция битумная универсальная AquaMast, пласт. ведро 15кг"
"source_category_other","ЦВ000243981","ЗИКА","ЦВ000230155","Кровельная гидроизоляционная мембрана Sikaplan VG-12 (RUS P) светло-серая Рулон 2.15 x 20 м"
"source_category_other","ЦВ000218637","ЗИКА","ЦВ000230155","Кровельная гидроизоляционная мембрана Sikaplan VG-15 (RUS P) светло-серая Рулон 2.15 x 20 м"
"source_category_other","ЦВ000231724","ЗИКА","ЦВ000230155","Мембрана гидроизоляционная Sikaplan WT 1200-20C (Sarnafil TG 68-20) зелёная Рулон 2.00 x 15 м"
"source_category_other","ЦВ000244828","ЗИКА","ЦВ000230155","Мембрана гидроизоляционная Sikaplan® WP 1100-20HL-RUS (2мм) Рулон 2.10 x 20 м"
"source_category_other","ЦВ000220526","ПЕНОПЛЭКС","ЦВ000230155","Гидроизоляция ""PLASTFOIL Geo"" (1,5 х 2200 х 20000)"
"source_category_other","ЦБ15789","ПЕНОПЛЭКС","ЦВ000230155","ПЛАСТФОЙЛ -Plastfoil Eco (1,2 х 2100 х 25000-рулон 52,5м2)"
"source_category_other","ЦВ000010567","ПЕНОПЛЭКС","ЦВ000230155","ПЛАСТФОЙЛ -Plastfoil Fl  (1,2 х 2100 х 25000-рулон 52,5м2)"
"source_category_other","ЦБ16716","ПЕНОПЛЭКС","ЦВ000230155","ПЛАСТФОЙЛ -Plastfoil Geo (2,0 х 2000 х 20000-рулон 40 м2)"
"source_category_other","ЦВ000207486","ПЕНОПЛЭКС","ЦВ000230155","ПЛАСТФОЙЛ -Plastfoil Geo (2,0 х 2200 х 20000-рулон 44 м2)"
"source_category_other","ЦВ000225851","ТЕХНОНИКОЛЬ","ЦВ000230155","PLANTER base 35мм (100 шт/уп)"
"source_category_other","ЦБ21133","ТЕХНОНИКОЛЬ","ЦВ000230155","PLANTER Fixing ( 300шт/упак)"
"source_category_other","ЦБ20851","ТЕХНОНИКОЛЬ","ЦВ000230155","PLANTER Krep (150 шт/уп)"
"source_category_other","ЦВ000225849","ТЕХНОНИКОЛЬ","ЦВ000230155","PLANTER Krep (150 шт/уп)"
"source_category_other","ЦВ000226682","ТЕХНОНИКОЛЬ","ЦВ000230155","PLANTER profile (50 шт/упак)"
"source_category_other","ЦВ000244348","ТЕХНОНИКОЛЬ","ЦВ000230155","PLANTER profile (50 шт/упак)"
"source_category_other","ЦБ27611","ТЕХНОНИКОЛЬ","ЦВ000230155","PLANTERBAND DUO двухсторонний 10мх5см (6шт./упак)"
"source_category_other","ЦВ000218718","ПЕНОПЛЭКС","ЦВ000230155","Угол внутренний Plastfoil"
"source_category_other","ЦВ000218719","ПЕНОПЛЭКС","ЦВ000230155","Угол наружный Plastfoil"
"source_category_other","ЦВ000231104","ЗИКА","ЦВ000230155","Зубр Набор Пилки ""МАСТЕР"" для эл/лобзика, по дереву и металлу, EU-хвост., 5шт 15591-H5"
"source_category_other","ЦВ000243010","КНАУФ","ЦВ000230155","Уголок UA 50 А фиксирующий КНАУФ"
"source_category_other","ЦВ000222863","КНАУФ","ЦВ000230155","Удлинитель ПП Кнауф (100 шт/уп)"
"source_category_other","ЦВ000246274","КНАУФ","ЦВ000230155","Уголок защитный оцинкованный 31/31 L=3,00 КНАУФ"
"source_category_other","ЦВ000223406","ЗИКА","ЦВ000230155","Клей-ремсостав эпоксидный двухкомп. Sikadur-31+ RU (AB) 6кг"
"source_category_other","ЦВ000224791","ЗИКА","ЦВ000230155","Профиль набухающий Sikaswell-P 2004 (5x10м)"
"source_category_other","ЦВ000225558","ЗИКА","ЦВ000230155","Профиль набухающий для гидроизоляции SikaSwell-2004 P RU (1x10м)"
"source_category_other","ЦВ000232271","КНАУФ","ЦВ000230155","Подвес прямой д/ПП-профиля (100шт./уп) КНАУФ"
"source_category_other","ЦВ000243133","КНАУФ","ЦВ000230155","Профиль угловой ПУ 31/31/0,6 3000 (10/1960) DIY КНАУФ"
"source_category_other","ЦВ000243138","КНАУФ","ЦВ000230155","ГСП DR (Сайлентборд) ПЛУК 2400х600х12.5(69,12кв.м/48л/уп.) КНАУФ"
"source_category_other","ЦВ000206788","КНАУФ","ЦВ000230155","КНАУФ Аквапанель Indoor 1200х900х12,5мм"
"source_category_other","ЦВ000017292","КНАУФ","ЦВ000230155","КНАУФ Аквапанель Indoor 2400х1200х12,5мм"
"source_category_other","ЦБ02402","КНАУФ","ЦВ000230155","КНАУФ Аквапанель Outdoor 1200*900*12,5мм"
"source_category_other","ЦБ48262","КНАУФ","ЦВ000230155","КНАУФ Аквапанель Outdoor 2400*1200*12,5мм (86,4 м2/30л/упак)"
"source_category_other","ЦВ000230166","КНАУФ","ЦВ000230155","КНАУФ Аквапанель Outdoor Наружная 2400х1200х12,5мм"
"source_category_other","ЦВ000229472","КНАУФ","ЦВ000230155","Кнауф Аквапанель Внутренняя 1200х900х12.5 мм"
"source_category_other","ЦВ000225710","КНАУФ","ЦВ000230155","Кнауф Аквапанель Внутренняя 2400х1200х12,5 мм"
"source_category_other","ЦБ52666","КНАУФ","ЦВ000230155","КНАУФ Аквапанель Наружная 1200х900х12,5; 50 листов"
"source_category_other","ЦВ000219144","КНАУФ","ЦВ000230155","Кнауф Аквапанель Наружная 2400х1200х12,5 мм"
"source_category_other","ЦВ000225876","КНАУФ","ЦВ000230155","Кнауф Аквапанель Наружная 2400х1200х12,5 мм"
"source_category_other","ЦВ000243264","КНАУФ","ЦВ000230155","Верхняя часть подвеса НОНИУС 1000мм А (50шт/упак), КНАУФ"
"source_category_other","ЦВ000240776","КНАУФ","ЦВ000230155","Верхняя часть подвеса НОНИУС 700мм А (50шт/упак) КНАУФ"
"source_category_other","ЦВ000227651","КНАУФ","ЦВ000230155","КНАУФ Подвес Нониус верхняя часть 1000мм (1шт)"
"source_category_other","ЦВ000225645","КНАУФ","ЦВ000230155","КНАУФ Подвес Нониус верхняя часть 500мм (1шт)"
"source_category_other","ЦВ000225644","КНАУФ","ЦВ000230155","КНАУФ Подвес Нониус нижняя часть (1шт)"
"source_category_other","ЦВ000225643","КНАУФ","ЦВ000230155","КНАУФ Подвес Нониус шплинт (1шт)"
"source_category_other","ЦБ00787","КНАУФ","ЦВ000230155","КНАУФ Подвес прямой 60x27мм"
"source_category_other","ЦВ000221564","КНАУФ","ЦВ000230155","КНАУФ Подвес прямой 60х27мм антивибрационный (1шт)"
"source_category_other","ЦВ000232038","КНАУФ","ЦВ000230155","КНАУФ Подвес прямой удлиненный 60х27мм (1шт)"
"source_category_other","ЦБ00788","КНАУФ","ЦВ000230155","КНАУФ Подвес с зажимом 60x27 100x58x42мм"
"source_category_other","ЦВ000009380","КНАУФ","ЦВ000230155","КНАУФ Соединитель Нониус"
"source_category_other","ЦБ16384","КНАУФ","ЦВ000230155","КНАУФ Тяга подвеса 1000мм"
"source_category_other","ЦВ000240777","КНАУФ","ЦВ000230155","Нижняя часть подвеса НОНИУС А (50шт/упак) КНАУФ"
"source_category_other","ЦВ000240778","КНАУФ","ЦВ000230155","Шплинт НОНИУС А (100шт/упак) КНАУФ"
"source_category_other","ЦБ54081","КНАУФ","ЦВ000230155","Подвес прямой ""Кнауф"" (100)"
"source_category_other","ЦБ13810","КНАУФ","ЦВ000230155","КНАУФ Гипсоволокнистый лист 1200*1200*10 мм малоформатный"
"source_category_other","ЦВ000226517","КНАУФ","ЦВ000230155","Рентгенозащитная гипсовая плита КНАУФ-Сейфборд 2400х600х12,5 мм"
"source_category_other","ЦВ000243110","КНАУФ","ЦВ000230155","КНАУФ Профиль UA 100х40 (4м)"
"source_category_other","ЦВ000245752","КНАУФ","ЦВ000230155","КНАУФ Профиль UA 50х40 (3м)"
"source_category_other","ЦВ000222207","КНАУФ","ЦВ000230155","КНАУФ Профиль UA 75х40мм (3м)"
"source_category_other","ЦВ000226113","КНАУФ","ЦВ000230155","КНАУФ Профиль UA 75х40мм (4м)"
"source_category_other","ЦВ000245979","КНАУФ","ЦВ000230155","КНАУФ Профиль маячковый 10мм 3м (0,6мм)"
"source_category_other","ЦВ000224615","КНАУФ","ЦВ000230155","КНАУФ Профиль маячковый 6мм 3м (0,6мм)"
"source_category_other","ЦБ10831","КНАУФ","ЦВ000230155","КНАУФ Профиль направляющий ПН-2 50*40 (3м)"
"source_category_other","ЦБ14012","КНАУФ","ЦВ000230155","КНАУФ Профиль направляющий ПН-2 50*40 (3м)"
"source_category_other","ЦБ10833","КНАУФ","ЦВ000230155","КНАУФ Профиль направляющий ПН-4 75*40 (3м)"
"source_category_other","ЦБ10835","КНАУФ","ЦВ000230155","КНАУФ Профиль направляющий ПН-6 100*40 (3м)"
"source_category_other","ЦВ000010668","КНАУФ","ЦВ000230155","КНАУФ Профиль направляющий ПС-2 50*50 (3м)"
"source_category_other","ЦВ000010667","КНАУФ","ЦВ000230155","КНАУФ Профиль направляющий ПС-6 100*50 (3м)"
"source_category_other","ЦБ14212","КНАУФ","ЦВ000230155","КНАУФ Профиль потолочный направляющий ППН 28х27 (3м)"
"source_category_other","ЦБ19788","КНАУФ","ЦВ000230155","КНАУФ Профиль потолочный направляющий ППН 28х27 (3м)"
"source_category_other","ЦБ00773","КНАУФ","ЦВ000230155","КНАУФ Профиль потолочный П28x27-3000 (16/уп)"
"source_category_other","ЦБ09594","КНАУФ","ЦВ000230155","КНАУФ Профиль потолочный П60x27-3000 (3м)"
"source_category_other","ЦВ000017074","КНАУФ","ЦВ000230155","КНАУФ Профиль потолочный ПП 60х27 (3м)"
"source_category_other","ЦБ16965","КНАУФ","ЦВ000230155","КНАУФ Профиль потолочный ПП 60х27 (3м)"
"source_category_other","ЦВ000246722","КНАУФ","ЦВ000230155","КНАУФ Профиль потолочный ПП 60х27 (4м)"
"source_category_other","ЦБ00777","КНАУФ","ЦВ000230155","КНАУФ Профиль С-2 50x50мм (3м)"
"source_category_other","ЦБ00781","КНАУФ","ЦВ000230155","КНАУФ Профиль С-4 75x50мм (3м)"
"source_category_other","ЦБ00782","КНАУФ","ЦВ000230155","КНАУФ Профиль С-4 75x50мм (4м)"
"source_category_other","ЦБ00784","КНАУФ","ЦВ000230155","КНАУФ Профиль С-6 100x50мм (4м)"
"source_category_other","ЦБ14020","КНАУФ","ЦВ000230155","КНАУФ Профиль стоечный ПС-2 50*50 (3м)"
"source_category_other","ЦБ10832","КНАУФ","ЦВ000230155","КНАУФ Профиль стоечный ПС-2 50*50 (4м)"
"source_category_other","ЦБ00778","КНАУФ","ЦВ000230155","КНАУФ Профиль стоечный ПС-2 50x50мм (4м)"
"source_category_other","ЦБ14214","КНАУФ","ЦВ000230155","КНАУФ Профиль стоечный ПС-4 75*50 (3м)"
"source_category_other","ЦБ10834","КНАУФ","ЦВ000230155","КНАУФ Профиль стоечный ПС-4 75*50 (4м)"
"source_category_other","ЦБ14215","КНАУФ","ЦВ000230155","КНАУФ Профиль стоечный ПС-6  100*50 (3м)"
"source_category_other","ЦБ10836","КНАУФ","ЦВ000230155","КНАУФ Профиль стоечный ПС-6 100*50 (4м)"
"source_category_other","ЦБ09600","КНАУФ","ЦВ000230155","КНАУФ Соединитель профилей 1-уровневый П60*27мм краб (толщина 0,9мм)"
"source_category_other","ЦБ00786","КНАУФ","ЦВ000230155","КНАУФ Соединитель профилей двухуровневый"
"source_category_other","ЦБ00790","КНАУФ","ЦВ000230155","КНАУФ Тяга подвеса 500мм"
"source_category_other","ЦВ000229476","КНАУФ","ЦВ000230155","КНАУФ Уголок (6185) фиксирующий для UA-50 А"
"source_category_other","ЦБ00791","КНАУФ","ЦВ000230155","КНАУФ Удлинитель профилей П60x27"
"source_category_other","ВН01649","КНАУФ","ЦВ000230155","Профиль ПН 28/27, 3 м Тиги-Кнауф"
"source_category_other","ВН01650","КНАУФ","ЦВ000230155","Профиль ПП 60/27, 3 м Тиги-Кнауф"
"source_category_other","ЦВ000243009","КНАУФ","ЦВ000230155","Профиль стоечный усиленный 50х40х2мм, дл.3м UA (А) КНАУФ"
"source_category_other","ЦВ000247182","КНАУФ","ЦВ000230155","Профиль Knauf ПН 28/27"
"source_category_other","ЦБ06112","КНАУФ","ЦВ000230155","КНАУФ - Файерборд кромка ПК 2500*1200*12,5 мм 44 листа"
"source_category_other","ВН04161","КНАУФ","ЦВ000230155","КНАУФ Гипсоволокнистый лист 2500*1200*10 мм влагостойкий (прямая кромка) (50 листов/уп.)"
"source_category_other","ЦБ04485","КНАУФ","ЦВ000230155","КНАУФ Гипсоволокнистый лист 2500*1200*10 мм влагостойкий (фальцевая кромка)"
"source_category_other","ВН03547","КНАУФ","ЦВ000230155","КНАУФ Гипсоволокнистый лист 2500*1200*12,5 мм влагостойкий (прямая кромка)"
"source_category_other","ЦБ03896","КНАУФ","ЦВ000230155","КНАУФ Элемент пола 1200*600*20мм (цена за 1шт)"
"source_category_other","ЦВ000225716","КНАУФ","ЦВ000230155","Негорючие плиты КНАУФ-Файерборд 2500х1200х12,5 ПК"
"source_category_other","ЦВ000015009","КНАУФ","ЦВ000230155","КНАУФ Плита гипсовая пазогребневая 667*500*100 мм влагостойкая полнотелая"
"source_category_other","ЦВ000015010","КНАУФ","ЦВ000230155","КНАУФ Плита гипсовая пазогребневая 667*500*80 мм влагостойкая полнотелая"
"source_category_other","ЦВ000015008","КНАУФ","ЦВ000230155","КНАУФ Плита гипсовая пазогребневая 667*500*80 мм обычная полнотелая"
"source_category_other","ЦВ000245091","ЗИКА","ЦВ000230155","Смесь сухая упрочняющая Sikafloor Syn Top-450 Natural (Master Top 450 Natural)(мешок 30 кг)"
"source_category_other","ЦВ000245844","ЗИКА","ЦВ000230155","1400 W SikaEmaco® T 1400 FR W (MasterEmaco® T 1400 FR W)"
"source_category_other","ЦВ000244937","ЗИКА","ЦВ000230155","5000 AP SikaEmaco P 5000 AP (MasterEmaco P 5000 AP)"
"source_category_other","ЦВ000245845","ЗИКА","ЦВ000230155","Sika Monotop-312 N Конструкционная ремонтная смесь тиксотропного типа класса R3 (25 кг)"
"source_category_other","ЦВ000245016","ЗИКА","ЦВ000230155","SikaEmaco® N 900/ ЗикаЭмако N 900 Безусадочная быстротвердеющая сухая бетонная смесь тиксотропного типа (мешок 25 кг)"
"source_category_other","ЦВ000232663","ЗИКА","ЦВ000230155","SikaEmaco® S 488 / ЗикаЭмако S 488 Безусадочная быстротвердеющая сухая бетонная смесь тиксотропного типа (25 кг)"
"source_category_other","ЦВ000245676","ЗИКА","ЦВ000230155","SikaEmaco® S 488 / ЗикаЭмако S 488 Безусадочная быстротвердеющая сухая бетонная смесь тиксотропного типа (25 кг)"
"source_category_other","ЦВ000244412","ЗИКА","ЦВ000230155","SikaEmaco® S 535 FR / MasterEmaco® S 535 FR Безусадочная быстротвердеющая сухая смесь наливного типа, содержащая полимерную и стальную фибру (25 кг)"
"source_category_other","ЦВ000232318","ЗИКА","ЦВ000230155","SikaGrout®-928 Безусадочная быстротвердеющая мелкозернистая сухая бетонная смесь наливного типа (25 кг)"
"source_category_other","ЦВ000245936","ТЕХНОНИКОЛЬ","ЦВ000230155","Гидроизоляционный состав Litokol Aquamaster 20 кг"
"source_category_other","ЦВ000220565","ЗИКА","ЦВ000230155","Гидроизоляция SikaTop Seal-107 (B) серый RU Меш 20 кг"
"source_category_other","ЦВ000243663","ЗИКА","ЦВ000230155","Суперпластификатор для бетона SikaPlast-520 N Канистра 5 л"
"source_category_other","ЦВ000232285","ЗИКА","ЦВ000230155","Сухая смесь SikaGrout-316, Bg 25KG"
"source_category_other","ЦВ000230577","ЗИКА","ЦВ000230155","Сухая смесь SikaMonoTop-312 N, Bg 25KG"
"source_category_other","ЦВ000011480","КНАУФ","ЦВ000230155","Кнауф Гидроизоляция Флехендихт (5кг) гидроизоляция на латексной основе"
"source_category_other","ЦБ03891","КНАУФ","ЦВ000230155","КНАУФ Флэхендихт (5кг) гидроизоляция без битума"
"source_category_other","ЦВ000220916","КНАУФ","ЦВ000230155","Кнауф Миттельгрунд F (Мороз), 10 кг"
"source_category_other","ЦВ000229477","КНАУФ","ЦВ000230155","КНАУФ-Тифенгрунд, 5л ( арт 94186)"
"source_category_other","ВН00300","КНАУФ","ЦВ000230155","КНАУФ Смесь сухая штукатурная Ротбанд (30кг)"
"source_category_other","ВН02249","КНАУФ","ЦВ000230155","КНАУФ Штукатурно-клеевая смесь Севенер (25кг)"
"source_category_other","ЦВ000243001","КНАУФ","ЦВ000230155","КНАУФ Засыпка сухая керамзитовая для пола (40л)"
"source_category_other","ЦВ000247183","КНАУФ","ЦВ000230155","КНАУФ Саморез XTN 3.9 х 23 мм (1000)"
"source_category_other","ЦВ000248337","КНАУФ","ЦВ000230155","КНАУФ Саморез XTN 3.9 х 33 мм (1000)"
"source_category_other","ЦВ000224479","КНАУФ","ЦВ000230155","Саморез КНАУФ 3,5 / 25 TN по ГКЛ (1000шт)"
"source_category_other","ЦВ000224480","КНАУФ","ЦВ000230155","Саморез КНАУФ 3,5 / 35 TN по ГКЛ (1000 шт)"
"source_category_other","ЦВ000224481","КНАУФ","ЦВ000230155","Саморез КНАУФ 3,5 / 9.5 LN (клоп) без сверла (1000шт)"
"source_category_other","ЦВ000244849","КНАУФ","ЦВ000230155","Саморезы 3,5х25 мм (1000 шт) Кнауф"
"source_category_other","ЦВ000244850","КНАУФ","ЦВ000230155","Саморезы 3,5х35 мм (1000шт) Кнауф"
"source_category_other","ЦВ000244851","КНАУФ","ЦВ000230155","Саморезы мет.-мет. острые 3,5х11 мм (1000 шт) КНАУФ 3512/708514"
"source_category_other","ЦВ000223218","ISOVER","ЦВ000230155","ИЗОВЕР Каркас М40-АЛ-50 1200х14000х50 мм (16,8м2=0,84м3) (1шт)"
"source_category_other","ЦВ000224872","ISOVER","ЦВ000230155","ИЗОВЕР Каркас-М37-ТВИН-50/1220х6000/  1уп /0.732м3; 1 пал/18.3м3 /25 уп"
"source_category_other","ЦВ000228302","ISOVER","ЦВ000230155","Мин.вата плита ""Isover"" Звукозащита-100 1170х610х100мм (0,714м3, 7,14м2) 10 шт."
"source_category_other","ВН03628","ISOVER","ЦВ000230155","Мин.вата плита ""Isover"" Звукозащита-75 1170х610х75мм (0,8565м3, 11,42м2)"
"source_category_other","ЦВ000210192","ИЗОБОКС","ЦВ000230155","ISOBOX А 70 Ветро-влагозащитная пленка (1,6 X 43,75 м)"
"source_category_other","ЦВ000218330","ИЗОБОКС","ЦВ000230155","Ветро-влагозащитная пленка ISOBOX А 70 (КЛЕЕВАЯ ПОЛОСА)"
"source_category_other","ЦВ000227750","ИЗОБОКС","ЦВ000230155","Ветро-влагозащитная пленка ISOBOX А+"
"source_category_other","ЦВ000227707","ИЗОБОКС","ЦВ000230155","Мембрана диффузионная ISOBOX AM"
"source_category_other","ЦБ03880","ТЕХНОНИКОЛЬ","ЦВ000230155","ТЕХНОФАС (1200*600*100) 2,16 м2;   0,216 м3"
"source_category_other","ЦБ03143","ТЕХНОНИКОЛЬ","ЦВ000230155","ТЕХНОФАС (1200*600*150, 2плит/уп. 1,44м2/уп. 0,216м3/уп.)"
"source_category_other","ЦВ000016780","ТЕХНОНИКОЛЬ","ЦВ000230155","ТЕХНОФАС 1200*600*50 (6 шт; 4,32м2; 0,216м3)"
"source_category_other","ЦВ000219040","ТЕХНОНИКОЛЬ","ЦВ000230155","ТЕХНОФАС ОПТИМА 1200*600*150 (2плит/уп. 1,44м2/уп. 0,216м3/уп.)"
"source_category_other","ЦБ51409","ТЕХНОНИКОЛЬ","ЦВ000230155","ТЕХНОФАС ОПТИМА 1200х600х100мм (0,216м3)"
"source_category_other","ЦБ51410","ТЕХНОНИКОЛЬ","ЦВ000230155","ТЕХНОФАС ОПТИМА 1200х600х50мм (0,216м3)"
"source_category_other","ЦБ05707","ТЕХНОНИКОЛЬ","ЦВ000230155","ТЕХНОФАС ЭФФЕКТ (1200*600*100,  3 плит/уп. 2,16м2/уп. 0,216м3/уп.)"
"source_category_other","ЦВ000242870","КНАУФ","ЦВ000230155","KNAUF INSULATION TS 034 Aquastatik 70х610х1300мм (9,516м2/0,666м3/12шт/уп) (24уп/15,984м3/пал)"
"source_category_other","ЦВ000221524","КНАУФ","ЦВ000230155","KNAUF INSULATION TS 037 Aquastatik 100х610х1300мм (6,344м2/0,634м3/8шт/уп) (36уп/22,824м3/пал)"
"source_category_other","ЦВ000221523","КНАУФ","ЦВ000230155","KNAUF INSULATION TS 037 Aquastatik 50х610х1300мм (19,032м2/0,952м3/24шт/уп) (24уп/22,848м3/пал)"
"source_category_other","ЦВ000012101","КНАУФ","ЦВ000230155","АКУСТИКНАУФ Звукозоляция 1230*610*50мм (уп.16шт.)"
"source_category_other","ЦВ000221460","КНАУФ","ЦВ000230155","КНАУФ Акустическая перегородка AS 100х610х1300мм (6,344м2/0,634м3/8шт/уп) (36уп/22,824м3/пал)"
"source_category_other","ЦВ000221459","КНАУФ","ЦВ000230155","КНАУФ Акустическая перегородка AS 50х610х1300мм (19,032м2/0,952м3/24шт/уп) (24уп/22,848м3/пал)"
"source_category_other","ЦВ000225859","КНАУФ","ЦВ000230155","КНАУФ Инсулейшн Акустическая перегородка AS 100х610х1300мм (6,344м2/0,634м3/8шт/уп) (36уп/22,824м3/пал)"
"source_category_other","ЦВ000205885","ПЕНОПЛЭКС","ЦВ000230155","Утеплитель напыляемый однокомпонентный полиуретановый в аэрозольной упаковке «PENOPLEX FASTFIX» (12шт/уп)"
"source_category_other","ЦВ000246122","КРОЗ","ЦВ000230155","Огневент К (180)"
"source_category_other","ЦВ000013261","КРОЗ","ЦВ000230155","ОГНЕСПАС МВБОР 10Ф 10000*1200*10"
"source_category_other","ЦВ000012636","КРОЗ","ЦВ000230155","ОГНЕСПАС МВБОР 5Ф 20000*1200*5"
"source_category_other","ЦБ10531","ПЕНОПЛЭКС","ЦВ000230155","Аэратор PLASTFOIL AERO D=110 мм, длина 350-450 мм"
"source_category_other","ЦВ000218721","ПЕНОПЛЭКС","ЦВ000230155","Усиление аэратора кровельного D115/165мм H260мм из Plastfoil Art"
"source_category_other","ЦВ000218720","ПЕНОПЛЭКС","ЦВ000230155","Усиление фановой трубы D110мм H350мм из Plastfoil Art"
"source_category_other","ЦВ000225013","ПЕНОПЛЭКС","ЦВ000230155","PENOPLEX STRONG (1185х585х120) Т-15 (3 плиты/уп, 0,2496), м3"
"source_category_other","ЦВ000224607","ТЕХНОНИКОЛЬ","ЦВ000230155","PLANTER profile (50 шт/упак)"
"source_category_other","ЦВ000219006","ТЕХНОНИКОЛЬ","ЦВ000230155","PLANTER profile планка 7см х 2м"
"source_category_other","ЦВ000232012","ЗИКА","ЦВ000230155","SikaGrout®-928 Безусадочная быстротвердеющая мелкозернистая сухая бетонная смесь наливного типа (25 кг)"
"source_category_other","ЦБ50590","ISOVER","ЦВ000230155","ИЗОВЕР Рулон Теплый дом ТВИН 5490х1220х50мм (13,4м2=0,67м3) (2шт)"
"source_category_other","ЦВ000225790","ТЕХНОНИКОЛЬ","ЦВ000230155","ТЕХНОФАС ДЕКОР (1200*600*100,  3 плит/уп. 2,16м2/уп. 0,18м3/уп.)"